Year,Grand Prix,Sector,Driver,Time
2018,Australia,1,L. Hamilton,26.698
2018,Australia,1,M. Verstappen,26.971
2018,Australia,1,K. Raikkonen,26.992
2018,Australia,1,S. Vettel,27.018
2018,Australia,1,V. Bottas,27.169
2018,Australia,1,D. Ricciardo,27.237
2018,Australia,1,C. Sainz Jr.,27.395
2018,Australia,1,K. Magnussen,27.487
2018,Australia,1,F. Alonso,27.489
2018,Australia,1,N. Hulkenberg,27.521
2018,Australia,1,R. Grosjean,27.546
2018,Australia,1,S. Vandoorne,27.567
2018,Australia,1,S. Perez,27.618
2018,Australia,1,L. Stroll,27.793
2018,Australia,1,M. Ericsson,27.812
2018,Australia,1,E. Ocon,27.865
2018,Australia,1,S. Sirotkin,27.964
2018,Australia,1,B. Hartley,27.993
2018,Australia,1,P. Gasly,28.146
2018,Australia,1,C. Leclerc,28.153
2018,Australia,2,L. Hamilton,22.066
2018,Australia,2,S. Vettel,22.129
2018,Australia,2,K. Raikkonen,22.204
2018,Australia,2,M. Verstappen,22.241
2018,Australia,2,V. Bottas,22.332
2018,Australia,2,D. Ricciardo,22.448
2018,Australia,2,K. Magnussen,22.628
2018,Australia,2,R. Grosjean,22.636
2018,Australia,2,F. Alonso,22.647
2018,Australia,2,N. Hulkenberg,22.653
2018,Australia,2,C. Sainz Jr.,22.656
2018,Australia,2,S. Vandoorne,22.741
2018,Australia,2,L. Stroll,22.771
2018,Australia,2,S. Perez,22.786
2018,Australia,2,C. Leclerc,22.901
2018,Australia,2,E. Ocon,22.938
2018,Australia,2,B. Hartley,22.942
2018,Australia,2,M. Ericsson,22.963
2018,Australia,2,S. Sirotkin,23.1
2018,Australia,2,P. Gasly,23.144
2018,Australia,3,L. Hamilton,32.4
2018,Australia,3,D. Ricciardo,32.464
2018,Australia,3,M. Verstappen,32.563
2018,Australia,3,V. Bottas,32.588
2018,Australia,3,K. Raikkonen,32.632
2018,Australia,3,S. Vettel,32.691
2018,Australia,3,C. Sainz Jr.,32.972
2018,Australia,3,K. Magnussen,33.065
2018,Australia,3,R. Grosjean,33.109
2018,Australia,3,N. Hulkenberg,33.176
2018,Australia,3,F. Alonso,33.206
2018,Australia,3,S. Vandoorne,33.387
2018,Australia,3,S. Perez,33.518
2018,Australia,3,E. Ocon,33.572
2018,Australia,3,C. Leclerc,33.582
2018,Australia,3,B. Hartley,33.597
2018,Australia,3,S. Sirotkin,33.62
2018,Australia,3,L. Stroll,33.657
2018,Australia,3,M. Ericsson,33.704
2018,Australia,3,P. Gasly,33.959
2018,Bahrein,1,S. Vettel,27.989
2018,Bahrein,1,V. Bottas,28.014
2018,Bahrein,1,K. Raikkonen,28.047
2018,Bahrein,1,L. Hamilton,28.081
2018,Bahrein,1,D. Ricciardo,28.275
2018,Bahrein,1,P. Gasly,28.413
2018,Bahrein,1,K. Magnussen,28.447
2018,Bahrein,1,E. Ocon,28.481
2018,Bahrein,1,S. Perez,28.564
2018,Bahrein,1,N. Hulkenberg,28.582
2018,Bahrein,1,C. Sainz Jr.,28.595
2018,Bahrein,1,B. Hartley,28.681
2018,Bahrein,1,M. Verstappen,28.732
2018,Bahrein,1,R. Grosjean,28.782
2018,Bahrein,1,F. Alonso,28.858
2018,Bahrein,1,M. Ericsson,28.878
2018,Bahrein,1,S. Vandoorne,28.998
2018,Bahrein,1,S. Sirotkin,29.056
2018,Bahrein,1,L. Stroll,29.107
2018,Bahrein,1,C. Leclerc,29.127
2018,Bahrein,2,K. Raikkonen,37.859
2018,Bahrein,2,D. Ricciardo,37.877
2018,Bahrein,2,S. Vettel,37.893
2018,Bahrein,2,V. Bottas,37.98
2018,Bahrein,2,L. Hamilton,37.99
2018,Bahrein,2,N. Hulkenberg,38.362
2018,Bahrein,2,M. Verstappen,38.391
2018,Bahrein,2,K. Magnussen,38.415
2018,Bahrein,2,P. Gasly,38.471
2018,Bahrein,2,F. Alonso,38.64
2018,Bahrein,2,C. Sainz Jr.,38.686
2018,Bahrein,2,E. Ocon,38.691
2018,Bahrein,2,S. Vandoorne,38.791
2018,Bahrein,2,S. Perez,38.855
2018,Bahrein,2,R. Grosjean,38.903
2018,Bahrein,2,B. Hartley,38.918
2018,Bahrein,2,M. Ericsson,39.11
2018,Bahrein,2,C. Leclerc,39.273
2018,Bahrein,2,S. Sirotkin,39.454
2018,Bahrein,2,L. Stroll,39.506
2018,Bahrein,3,L. Hamilton,22.053
2018,Bahrein,3,S. Vettel,22.076
2018,Bahrein,3,D. Ricciardo,22.081
2018,Bahrein,3,K. Raikkonen,22.121
2018,Bahrein,3,V. Bottas,22.129
2018,Bahrein,3,N. Hulkenberg,22.243
2018,Bahrein,3,M. Verstappen,22.251
2018,Bahrein,3,K. Magnussen,22.384
2018,Bahrein,3,P. Gasly,22.445
2018,Bahrein,3,C. Sainz Jr.,22.453
2018,Bahrein,3,B. Hartley,22.476
2018,Bahrein,3,S. Vandoorne,22.57
2018,Bahrein,3,F. Alonso,22.609
2018,Bahrein,3,E. Ocon,22.619
2018,Bahrein,3,S. Perez,22.642
2018,Bahrein,3,C. Leclerc,22.743
2018,Bahrein,3,S. Sirotkin,22.838
2018,Bahrein,3,R. Grosjean,22.845
2018,Bahrein,3,M. Ericsson,22.854
2018,Bahrein,3,L. Stroll,22.89
2018,China,1,K. Raikkonen,24.006
2018,China,1,S. Vettel,24.044
2018,China,1,M. Verstappen,24.171
2018,China,1,L. Hamilton,24.261
2018,China,1,D. Ricciardo,24.308
2018,China,1,V. Bottas,24.312
2018,China,1,R. Grosjean,24.392
2018,China,1,N. Hulkenberg,24.47
2018,China,1,E. Ocon,24.481
2018,China,1,S. Perez,24.499
2018,China,1,K. Magnussen,24.564
2018,China,1,C. Sainz Jr.,24.579
2018,China,1,F. Alonso,24.628
2018,China,1,B. Hartley,24.754
2018,China,1,M. Ericsson,24.813
2018,China,1,S. Vandoorne,24.863
2018,China,1,C. Leclerc,24.907
2018,China,1,S. Sirotkin,24.987
2018,China,1,P. Gasly,24.99
2018,China,1,L. Stroll,25.045
2018,China,2,K. Raikkonen,27.109
2018,China,2,S. Vettel,27.122
2018,China,2,V. Bottas,27.183
2018,China,2,L. Hamilton,27.262
2018,China,2,M. Verstappen,27.306
2018,China,2,D. Ricciardo,27.307
2018,China,2,N. Hulkenberg,27.491
2018,China,2,R. Grosjean,27.607
2018,China,2,C. Sainz Jr.,27.686
2018,China,2,S. Perez,27.739
2018,China,2,E. Ocon,27.802
2018,China,2,F. Alonso,27.811
2018,China,2,K. Magnussen,27.864
2018,China,2,B. Hartley,27.869
2018,China,2,S. Sirotkin,27.902
2018,China,2,S. Vandoorne,27.979
2018,China,2,P. Gasly,27.997
2018,China,2,L. Stroll,28.051
2018,China,2,C. Leclerc,28.16
2018,China,2,M. Ericsson,28.22
2018,China,3,S. Vettel,39.929
2018,China,3,K. Raikkonen,39.936
2018,China,3,V. Bottas,40.035
2018,China,3,L. Hamilton,40.045
2018,China,3,M. Verstappen,40.254
2018,China,3,D. Ricciardo,40.281
2018,China,3,N. Hulkenberg,40.352
2018,China,3,C. Sainz Jr.,40.499
2018,China,3,K. Magnussen,40.499
2018,China,3,S. Perez,40.52
2018,China,3,R. Grosjean,40.525
2018,China,3,S. Vandoorne,40.61
2018,China,3,F. Alonso,40.705
2018,China,3,E. Ocon,40.774
2018,China,3,P. Gasly,40.993
2018,China,3,B. Hartley,41.049
2018,China,3,S. Sirotkin,41.161
2018,China,3,L. Stroll,41.189
2018,China,3,C. Leclerc,41.315
2018,China,3,M. Ericsson,41.763
2018,Azerbaijan,1,R. Grosjean,0
2018,Azerbaijan,1,K. Raikkonen,35.283
2018,Azerbaijan,1,L. Hamilton,35.296
2018,Azerbaijan,1,S. Vettel,35.305
2018,Azerbaijan,1,V. Bottas,35.477
2018,Azerbaijan,1,D. Ricciardo,35.629
2018,Azerbaijan,1,M. Verstappen,35.664
2018,Azerbaijan,1,S. Perez,35.708
2018,Azerbaijan,1,E. Ocon,35.74
2018,Azerbaijan,1,N. Hulkenberg,35.861
2018,Azerbaijan,1,F. Alonso,36.133
2018,Azerbaijan,1,L. Stroll,36.138
2018,Azerbaijan,1,S. Sirotkin,36.154
2018,Azerbaijan,1,C. Leclerc,36.195
2018,Azerbaijan,1,C. Sainz Jr.,36.218
2018,Azerbaijan,1,P. Gasly,36.279
2018,Azerbaijan,1,K. Magnussen,36.439
2018,Azerbaijan,1,S. Vandoorne,36.634
2018,Azerbaijan,1,M. Ericsson,36.679
2018,Azerbaijan,1,B. Hartley,36.741
2018,Azerbaijan,2,K. Raikkonen,40.704
2018,Azerbaijan,2,M. Verstappen,40.82
2018,Azerbaijan,2,D. Ricciardo,40.863
2018,Azerbaijan,2,S. Vettel,40.905
2018,Azerbaijan,2,V. Bottas,41.155
2018,Azerbaijan,2,L. Hamilton,41.158
2018,Azerbaijan,2,S. Perez,41.43
2018,Azerbaijan,2,E. Ocon,41.441
2018,Azerbaijan,2,C. Sainz Jr.,41.46
2018,Azerbaijan,2,N. Hulkenberg,41.48
2018,Azerbaijan,2,L. Stroll,41.571
2018,Azerbaijan,2,F. Alonso,41.749
2018,Azerbaijan,2,C. Leclerc,41.754
2018,Azerbaijan,2,S. Sirotkin,41.797
2018,Azerbaijan,2,K. Magnussen,41.886
2018,Azerbaijan,2,S. Vandoorne,42.079
2018,Azerbaijan,2,P. Gasly,42.229
2018,Azerbaijan,2,M. Ericsson,42.651
2018,Azerbaijan,2,B. Hartley,47.863
2018,Azerbaijan,2,R. Grosjean,55.084
2018,Azerbaijan,3,E. Ocon,25.044
2018,Azerbaijan,3,L. Hamilton,25.091
2018,Azerbaijan,3,C. Sainz Jr.,25.17
2018,Azerbaijan,3,V. Bottas,25.183
2018,Azerbaijan,3,D. Ricciardo,25.213
2018,Azerbaijan,3,S. Vettel,25.288
2018,Azerbaijan,3,M. Verstappen,25.293
2018,Azerbaijan,3,S. Perez,25.304
2018,Azerbaijan,3,K. Magnussen,25.328
2018,Azerbaijan,3,K. Raikkonen,25.426
2018,Azerbaijan,3,S. Sirotkin,25.427
2018,Azerbaijan,3,C. Leclerc,25.577
2018,Azerbaijan,3,N. Hulkenberg,25.586
2018,Azerbaijan,3,L. Stroll,25.61
2018,Azerbaijan,3,F. Alonso,25.643
2018,Azerbaijan,3,S. Vandoorne,25.735
2018,Azerbaijan,3,P. Gasly,25.872
2018,Azerbaijan,3,M. Ericsson,25.948
2018,Azerbaijan,3,R. Grosjean,27.562
2018,Azerbaijan,3,B. Hartley,27.892
2018,Spain,1,L. Hamilton,21.525
2018,Spain,1,V. Bottas,21.528
2018,Spain,1,S. Vettel,21.551
2018,Spain,1,K. Raikkonen,21.697
2018,Spain,1,D. Ricciardo,21.819
2018,Spain,1,K. Magnussen,21.842
2018,Spain,1,R. Grosjean,21.867
2018,Spain,1,M. Verstappen,21.9
2018,Spain,1,C. Sainz Jr.,21.99
2018,Spain,1,E. Ocon,22.025
2018,Spain,1,S. Perez,22.027
2018,Spain,1,F. Alonso,22.048
2018,Spain,1,C. Leclerc,22.078
2018,Spain,1,P. Gasly,22.119
2018,Spain,1,S. Sirotkin,22.19
2018,Spain,1,S. Vandoorne,22.196
2018,Spain,1,L. Stroll,22.219
2018,Spain,1,M. Ericsson,22.279
2018,Spain,1,N. Hulkenberg,22.412
2018,Spain,2,L. Hamilton,28.316
2018,Spain,2,V. Bottas,28.366
2018,Spain,2,S. Vettel,28.555
2018,Spain,2,K. Raikkonen,28.561
2018,Spain,2,M. Verstappen,28.609
2018,Spain,2,D. Ricciardo,28.687
2018,Spain,2,K. Magnussen,28.894
2018,Spain,2,F. Alonso,28.913
2018,Spain,2,R. Grosjean,29.011
2018,Spain,2,C. Sainz Jr.,29.074
2018,Spain,2,S. Vandoorne,29.199
2018,Spain,2,P. Gasly,29.289
2018,Spain,2,C. Leclerc,29.358
2018,Spain,2,N. Hulkenberg,29.544
2018,Spain,2,E. Ocon,29.56
2018,Spain,2,S. Perez,29.564
2018,Spain,2,M. Ericsson,29.75
2018,Spain,2,S. Sirotkin,29.779
2018,Spain,2,L. Stroll,30.066
2018,Spain,3,D. Ricciardo,26.159
2018,Spain,3,S. Vettel,26.199
2018,Spain,3,M. Verstappen,26.307
2018,Spain,3,V. Bottas,26.319
2018,Spain,3,L. Hamilton,26.326
2018,Spain,3,K. Raikkonen,26.34
2018,Spain,3,C. Sainz Jr.,26.681
2018,Spain,3,F. Alonso,26.689
2018,Spain,3,K. Magnussen,26.771
2018,Spain,3,R. Grosjean,26.81
2018,Spain,3,P. Gasly,26.843
2018,Spain,3,S. Vandoorne,26.858
2018,Spain,3,N. Hulkenberg,26.967
2018,Spain,3,E. Ocon,27.028
2018,Spain,3,S. Perez,27.106
2018,Spain,3,C. Leclerc,27.157
2018,Spain,3,M. Ericsson,27.36
2018,Spain,3,S. Sirotkin,27.544
2018,Spain,3,L. Stroll,27.576
2018,Monaco,1,L. Hamilton,18.594
2018,Monaco,1,D. Ricciardo,18.638
2018,Monaco,1,S. Vettel,18.674
2018,Monaco,1,V. Bottas,18.716
2018,Monaco,1,K. Raikkonen,18.741
2018,Monaco,1,F. Alonso,18.78
2018,Monaco,1,P. Gasly,18.908
2018,Monaco,1,C. Sainz Jr.,18.929
2018,Monaco,1,S. Perez,18.988
2018,Monaco,1,S. Vandoorne,19.008
2018,Monaco,1,S. Sirotkin,19.039
2018,Monaco,1,N. Hulkenberg,19.049
2018,Monaco,1,E. Ocon,19.063
2018,Monaco,1,L. Stroll,19.106
2018,Monaco,1,C. Leclerc,19.113
2018,Monaco,1,R. Grosjean,19.16
2018,Monaco,1,B. Hartley,19.25
2018,Monaco,1,M. Ericsson,19.346
2018,Monaco,1,K. Magnussen,19.362
2018,Monaco,2,D. Ricciardo,33.392
2018,Monaco,2,S. Vettel,33.443
2018,Monaco,2,L. Hamilton,33.446
2018,Monaco,2,K. Raikkonen,33.508
2018,Monaco,2,V. Bottas,33.702
2018,Monaco,2,P. Gasly,33.789
2018,Monaco,2,E. Ocon,33.795
2018,Monaco,2,C. Sainz Jr.,33.828
2018,Monaco,2,S. Perez,33.906
2018,Monaco,2,F. Alonso,33.936
2018,Monaco,2,N. Hulkenberg,33.941
2018,Monaco,2,R. Grosjean,34.035
2018,Monaco,2,C. Leclerc,34.105
2018,Monaco,2,S. Vandoorne,34.129
2018,Monaco,2,S. Sirotkin,34.183
2018,Monaco,2,M. Ericsson,34.324
2018,Monaco,2,B. Hartley,34.343
2018,Monaco,2,K. Magnussen,34.441
2018,Monaco,2,L. Stroll,34.464
2018,Monaco,3,D. Ricciardo,18.779
2018,Monaco,3,S. Vettel,18.922
2018,Monaco,3,K. Raikkonen,18.987
2018,Monaco,3,V. Bottas,18.994
2018,Monaco,3,L. Hamilton,19.061
2018,Monaco,3,S. Vandoorne,19.141
2018,Monaco,3,N. Hulkenberg,19.17
2018,Monaco,3,F. Alonso,19.198
2018,Monaco,3,E. Ocon,19.203
2018,Monaco,3,S. Perez,19.226
2018,Monaco,3,S. Sirotkin,19.229
2018,Monaco,3,P. Gasly,19.259
2018,Monaco,3,C. Sainz Jr.,19.29
2018,Monaco,3,C. Leclerc,19.34
2018,Monaco,3,R. Grosjean,19.373
2018,Monaco,3,K. Magnussen,19.491
2018,Monaco,3,B. Hartley,19.532
2018,Monaco,3,M. Ericsson,19.595
2018,Monaco,3,L. Stroll,19.631
2018,Canada,1,M. Verstappen,19.42
2018,Canada,1,V. Bottas,19.423
2018,Canada,1,L. Hamilton,19.43
2018,Canada,1,S. Vettel,19.48
2018,Canada,1,D. Ricciardo,19.523
2018,Canada,1,K. Raikkonen,19.638
2018,Canada,1,C. Sainz Jr.,19.901
2018,Canada,1,N. Hulkenberg,19.922
2018,Canada,1,E. Ocon,19.93
2018,Canada,1,S. Perez,19.934
2018,Canada,1,F. Alonso,20.015
2018,Canada,1,B. Hartley,20.02
2018,Canada,1,K. Magnussen,20.024
2018,Canada,1,C. Leclerc,20.06
2018,Canada,1,S. Vandoorne,20.152
2018,Canada,1,P. Gasly,20.219
2018,Canada,1,S. Sirotkin,20.281
2018,Canada,1,L. Stroll,20.332
2018,Canada,1,M. Ericsson,20.593
2018,Canada,2,S. Vettel,22.626
2018,Canada,2,K. Raikkonen,22.671
2018,Canada,2,D. Ricciardo,22.672
2018,Canada,2,V. Bottas,22.693
2018,Canada,2,M. Verstappen,22.695
2018,Canada,2,L. Hamilton,22.696
2018,Canada,2,C. Sainz Jr.,22.951
2018,Canada,2,N. Hulkenberg,22.954
2018,Canada,2,K. Magnussen,23.095
2018,Canada,2,E. Ocon,23.11
2018,Canada,2,S. Perez,23.127
2018,Canada,2,B. Hartley,23.288
2018,Canada,2,S. Vandoorne,23.346
2018,Canada,2,F. Alonso,23.353
2018,Canada,2,C. Leclerc,23.41
2018,Canada,2,P. Gasly,23.427
2018,Canada,2,L. Stroll,23.471
2018,Canada,2,S. Sirotkin,23.624
2018,Canada,2,M. Ericsson,23.843
2018,Canada,3,S. Vettel,28.57
2018,Canada,3,V. Bottas,28.689
2018,Canada,3,K. Raikkonen,28.745
2018,Canada,3,M. Verstappen,28.802
2018,Canada,3,L. Hamilton,28.869
2018,Canada,3,D. Ricciardo,28.921
2018,Canada,3,N. Hulkenberg,28.924
2018,Canada,3,E. Ocon,28.946
2018,Canada,3,C. Leclerc,29.131
2018,Canada,3,B. Hartley,29.135
2018,Canada,3,C. Sainz Jr.,29.159
2018,Canada,3,S. Perez,29.199
2018,Canada,3,K. Magnussen,29.279
2018,Canada,3,S. Vandoorne,29.367
2018,Canada,3,F. Alonso,29.376
2018,Canada,3,P. Gasly,29.386
2018,Canada,3,S. Sirotkin,29.598
2018,Canada,3,L. Stroll,29.73
2018,Canada,3,M. Ericsson,29.96
2018,France,1,L. Hamilton,22.225
2018,France,1,V. Bottas,22.408
2018,France,1,M. Verstappen,22.504
2018,France,1,D. Ricciardo,22.534
2018,France,1,S. Vettel,22.542
2018,France,1,K. Raikkonen,22.552
2018,France,1,R. Grosjean,22.682
2018,France,1,K. Magnussen,22.76
2018,France,1,C. Sainz Jr.,22.84
2018,France,1,C. Leclerc,22.841
2018,France,1,P. Gasly,22.898
2018,France,1,E. Ocon,22.961
2018,France,1,N. Hulkenberg,22.966
2018,France,1,S. Perez,23.041
2018,France,1,B. Hartley,23.162
2018,France,1,M. Ericsson,23.193
2018,France,1,S. Sirotkin,23.217
2018,France,1,F. Alonso,23.227
2018,France,1,S. Vandoorne,23.406
2018,France,1,L. Stroll,23.44
2018,France,2,V. Bottas,27.569
2018,France,2,L. Hamilton,27.585
2018,France,2,M. Verstappen,27.714
2018,France,2,K. Raikkonen,27.736
2018,France,2,S. Vettel,27.77
2018,France,2,D. Ricciardo,27.789
2018,France,2,R. Grosjean,28.092
2018,France,2,K. Magnussen,28.14
2018,France,2,C. Leclerc,28.147
2018,France,2,E. Ocon,28.16
2018,France,2,C. Sainz Jr.,28.165
2018,France,2,N. Hulkenberg,28.211
2018,France,2,M. Ericsson,28.281
2018,France,2,S. Perez,28.317
2018,France,2,S. Vandoorne,28.343
2018,France,2,B. Hartley,28.385
2018,France,2,F. Alonso,28.449
2018,France,2,P. Gasly,28.449
2018,France,2,S. Sirotkin,28.466
2018,France,2,L. Stroll,28.52
2018,France,3,L. Hamilton,39.932
2018,France,3,V. Bottas,40.028
2018,France,3,S. Vettel,40.059
2018,France,3,K. Raikkonen,40.264
2018,France,3,D. Ricciardo,40.283
2018,France,3,M. Verstappen,40.296
2018,France,3,K. Magnussen,40.61
2018,France,3,R. Grosjean,40.698
2018,France,3,C. Sainz Jr.,40.907
2018,France,3,N. Hulkenberg,40.938
2018,France,3,E. Ocon,40.954
2018,France,3,P. Gasly,40.984
2018,France,3,S. Perez,40.995
2018,France,3,C. Leclerc,41.067
2018,France,3,M. Ericsson,41.093
2018,France,3,F. Alonso,41.223
2018,France,3,B. Hartley,41.319
2018,France,3,S. Vandoorne,41.38
2018,France,3,L. Stroll,41.593
2018,France,3,S. Sirotkin,41.679
2018,Austria,1,V. Bottas,16.018
2018,Austria,1,L. Hamilton,16.025
2018,Austria,1,K. Raikkonen,16.066
2018,Austria,1,S. Vettel,16.163
2018,Austria,1,M. Verstappen,16.2
2018,Austria,1,E. Ocon,16.225
2018,Austria,1,R. Grosjean,16.239
2018,Austria,1,K. Magnussen,16.247
2018,Austria,1,S. Perez,16.271
2018,Austria,1,D. Ricciardo,16.316
2018,Austria,1,N. Hulkenberg,16.319
2018,Austria,1,C. Sainz Jr.,16.341
2018,Austria,1,C. Leclerc,16.354
2018,Austria,1,P. Gasly,16.403
2018,Austria,1,F. Alonso,16.426
2018,Austria,1,L. Stroll,16.438
2018,Austria,1,S. Sirotkin,16.484
2018,Austria,1,S. Vandoorne,16.515
2018,Austria,1,B. Hartley,16.538
2018,Austria,1,M. Ericsson,16.565
2018,Austria,2,S. Vettel,27.913
2018,Austria,2,L. Hamilton,28.011
2018,Austria,2,V. Bottas,28.013
2018,Austria,2,K. Raikkonen,28.022
2018,Austria,2,D. Ricciardo,28.137
2018,Austria,2,M. Verstappen,28.182
2018,Austria,2,R. Grosjean,28.23
2018,Austria,2,K. Magnussen,28.24
2018,Austria,2,N. Hulkenberg,28.364
2018,Austria,2,C. Sainz Jr.,28.38
2018,Austria,2,P. Gasly,28.552
2018,Austria,2,C. Leclerc,28.578
2018,Austria,2,E. Ocon,28.583
2018,Austria,2,F. Alonso,28.632
2018,Austria,2,L. Stroll,28.757
2018,Austria,2,S. Vandoorne,28.874
2018,Austria,2,B. Hartley,28.904
2018,Austria,2,S. Perez,28.936
2018,Austria,2,S. Sirotkin,28.971
2018,Austria,2,M. Ericsson,29.038
2018,Austria,3,V. Bottas,19.099
2018,Austria,3,L. Hamilton,19.113
2018,Austria,3,S. Vettel,19.336
2018,Austria,3,R. Grosjean,19.385
2018,Austria,3,M. Verstappen,19.406
2018,Austria,3,D. Ricciardo,19.475
2018,Austria,3,K. Raikkonen,19.554
2018,Austria,3,K. Magnussen,19.564
2018,Austria,3,C. Leclerc,19.779
2018,Austria,3,P. Gasly,19.792
2018,Austria,3,M. Ericsson,19.805
2018,Austria,3,S. Sirotkin,19.828
2018,Austria,3,F. Alonso,19.828
2018,Austria,3,C. Sainz Jr.,19.828
2018,Austria,3,N. Hulkenberg,19.85
2018,Austria,3,B. Hartley,19.875
2018,Austria,3,E. Ocon,19.878
2018,Austria,3,S. Vandoorne,19.882
2018,Austria,3,L. Stroll,19.912
2018,Austria,3,S. Perez,20.017
2018,Great-Britain,1,K. Raikkonen,27.512
2018,Great-Britain,1,S. Vettel,27.516
2018,Great-Britain,1,L. Hamilton,27.52
2018,Great-Britain,1,V. Bottas,27.572
2018,Great-Britain,1,M. Verstappen,27.846
2018,Great-Britain,1,D. Ricciardo,27.95
2018,Great-Britain,1,S. Perez,27.953
2018,Great-Britain,1,K. Magnussen,27.954
2018,Great-Britain,1,E. Ocon,27.987
2018,Great-Britain,1,R. Grosjean,28.015
2018,Great-Britain,1,C. Leclerc,28.03
2018,Great-Britain,1,N. Hulkenberg,28.158
2018,Great-Britain,1,M. Ericsson,28.217
2018,Great-Britain,1,C. Sainz Jr.,28.25
2018,Great-Britain,1,S. Sirotkin,28.282
2018,Great-Britain,1,F. Alonso,28.319
2018,Great-Britain,1,P. Gasly,28.355
2018,Great-Britain,1,L. Stroll,28.492
2018,Great-Britain,1,S. Vandoorne,28.501
2018,Great-Britain,2,L. Hamilton,34.708
2018,Great-Britain,2,S. Vettel,34.752
2018,Great-Britain,2,V. Bottas,34.81
2018,Great-Britain,2,K. Raikkonen,34.911
2018,Great-Britain,2,M. Verstappen,35.029
2018,Great-Britain,2,D. Ricciardo,35.214
2018,Great-Britain,2,K. Magnussen,35.314
2018,Great-Britain,2,R. Grosjean,35.363
2018,Great-Britain,2,C. Leclerc,35.45
2018,Great-Britain,2,M. Ericsson,35.509
2018,Great-Britain,2,F. Alonso,35.634
2018,Great-Britain,2,N. Hulkenberg,35.673
2018,Great-Britain,2,E. Ocon,35.716
2018,Great-Britain,2,P. Gasly,35.78
2018,Great-Britain,2,S. Perez,35.803
2018,Great-Britain,2,C. Sainz Jr.,35.92
2018,Great-Britain,2,S. Vandoorne,36.084
2018,Great-Britain,2,S. Sirotkin,36.206
2018,Great-Britain,2,L. Stroll,54.9
2018,Great-Britain,3,K. Raikkonen,23.567
2018,Great-Britain,3,S. Vettel,23.636
2018,Great-Britain,3,L. Hamilton,23.643
2018,Great-Britain,3,M. Verstappen,23.656
2018,Great-Britain,3,V. Bottas,23.698
2018,Great-Britain,3,D. Ricciardo,23.805
2018,Great-Britain,3,K. Magnussen,23.976
2018,Great-Britain,3,R. Grosjean,23.982
2018,Great-Britain,3,N. Hulkenberg,24.013
2018,Great-Britain,3,F. Alonso,24.104
2018,Great-Britain,3,E. Ocon,24.105
2018,Great-Britain,3,C. Leclerc,24.134
2018,Great-Britain,3,P. Gasly,24.152
2018,Great-Britain,3,S. Perez,24.172
2018,Great-Britain,3,C. Sainz Jr.,24.286
2018,Great-Britain,3,S. Vandoorne,24.331
2018,Great-Britain,3,M. Ericsson,24.413
2018,Great-Britain,3,S. Sirotkin,24.658
2018,Great-Britain,3,L. Stroll,34.867
2018,Germany,1,S. Vettel,15.279
2018,Germany,1,M. Verstappen,15.355
2018,Germany,1,V. Bottas,15.419
2018,Germany,1,K. Raikkonen,15.461
2018,Germany,1,K. Magnussen,15.506
2018,Germany,1,N. Hulkenberg,15.538
2018,Germany,1,R. Grosjean,15.558
2018,Germany,1,S. Perez,15.602
2018,Germany,1,C. Sainz Jr.,15.685
2018,Germany,1,F. Alonso,15.699
2018,Germany,1,C. Leclerc,15.747
2018,Germany,1,E. Ocon,15.774
2018,Germany,1,M. Ericsson,15.791
2018,Germany,1,S. Sirotkin,15.809
2018,Germany,1,L. Hamilton,15.821
2018,Germany,1,D. Ricciardo,15.827
2018,Germany,1,P. Gasly,15.907
2018,Germany,1,S. Vandoorne,15.933
2018,Germany,1,L. Stroll,15.956
2018,Germany,1,B. Hartley,16.055
2018,Germany,2,S. Vettel,34.159
2018,Germany,2,K. Raikkonen,34.289
2018,Germany,2,V. Bottas,34.472
2018,Germany,2,C. Leclerc,34.62
2018,Germany,2,K. Magnussen,34.71
2018,Germany,2,M. Verstappen,34.733
2018,Germany,2,S. Perez,34.744
2018,Germany,2,C. Sainz Jr.,34.775
2018,Germany,2,N. Hulkenberg,34.828
2018,Germany,2,R. Grosjean,34.829
2018,Germany,2,L. Hamilton,34.947
2018,Germany,2,M. Ericsson,35.105
2018,Germany,2,E. Ocon,35.122
2018,Germany,2,B. Hartley,35.228
2018,Germany,2,P. Gasly,35.239
2018,Germany,2,D. Ricciardo,35.268
2018,Germany,2,S. Sirotkin,35.324
2018,Germany,2,F. Alonso,35.331
2018,Germany,2,L. Stroll,35.451
2018,Germany,2,S. Vandoorne,35.548
2018,Germany,3,V. Bottas,21.525
2018,Germany,3,K. Raikkonen,21.728
2018,Germany,3,M. Verstappen,21.734
2018,Germany,3,S. Vettel,21.743
2018,Germany,3,K. Magnussen,21.984
2018,Germany,3,R. Grosjean,22.098
2018,Germany,3,N. Hulkenberg,22.104
2018,Germany,3,L. Hamilton,22.174
2018,Germany,3,D. Ricciardo,22.221
2018,Germany,3,C. Leclerc,22.229
2018,Germany,3,C. Sainz Jr.,22.232
2018,Germany,3,S. Perez,22.318
2018,Germany,3,F. Alonso,22.491
2018,Germany,3,S. Sirotkin,22.516
2018,Germany,3,M. Ericsson,22.584
2018,Germany,3,P. Gasly,22.603
2018,Germany,3,E. Ocon,22.747
2018,Germany,3,B. Hartley,22.762
2018,Germany,3,S. Vandoorne,22.78
2018,Germany,3,L. Stroll,22.799
2018,Hungary,1,S. Vettel,27.635
2018,Hungary,1,V. Bottas,27.998
2018,Hungary,1,M. Verstappen,28.067
2018,Hungary,1,K. Magnussen,28.125
2018,Hungary,1,L. Hamilton,28.175
2018,Hungary,1,K. Raikkonen,28.201
2018,Hungary,1,R. Grosjean,28.257
2018,Hungary,1,C. Sainz Jr.,28.258
2018,Hungary,1,N. Hulkenberg,28.327
2018,Hungary,1,S. Sirotkin,28.432
2018,Hungary,1,C. Leclerc,28.441
2018,Hungary,1,L. Stroll,28.454
2018,Hungary,1,E. Ocon,28.462
2018,Hungary,1,M. Ericsson,28.476
2018,Hungary,1,S. Vandoorne,28.483
2018,Hungary,1,B. Hartley,28.484
2018,Hungary,1,P. Gasly,28.552
2018,Hungary,1,F. Alonso,28.658
2018,Hungary,1,S. Perez,28.678
2018,Hungary,1,D. Ricciardo,28.779
2018,Hungary,2,M. Verstappen,27.486
2018,Hungary,2,S. Vettel,27.569
2018,Hungary,2,L. Hamilton,27.613
2018,Hungary,2,V. Bottas,27.665
2018,Hungary,2,R. Grosjean,27.713
2018,Hungary,2,F. Alonso,27.719
2018,Hungary,2,K. Raikkonen,27.751
2018,Hungary,2,C. Sainz Jr.,27.841
2018,Hungary,2,D. Ricciardo,27.914
2018,Hungary,2,N. Hulkenberg,27.94
2018,Hungary,2,B. Hartley,28.005
2018,Hungary,2,L. Stroll,28.079
2018,Hungary,2,C. Leclerc,28.143
2018,Hungary,2,M. Ericsson,28.144
2018,Hungary,2,K. Magnussen,28.229
2018,Hungary,2,P. Gasly,28.29
2018,Hungary,2,S. Perez,28.367
2018,Hungary,2,S. Vandoorne,28.496
2018,Hungary,2,S. Sirotkin,28.594
2018,Hungary,2,E. Ocon,28.621
2018,Hungary,3,K. Raikkonen,21.304
2018,Hungary,3,M. Verstappen,21.387
2018,Hungary,3,L. Hamilton,21.436
2018,Hungary,3,V. Bottas,21.46
2018,Hungary,3,S. Vettel,21.462
2018,Hungary,3,N. Hulkenberg,21.638
2018,Hungary,3,P. Gasly,21.661
2018,Hungary,3,C. Sainz Jr.,21.73
2018,Hungary,3,D. Ricciardo,21.782
2018,Hungary,3,B. Hartley,21.782
2018,Hungary,3,S. Vandoorne,21.803
2018,Hungary,3,F. Alonso,21.831
2018,Hungary,3,K. Magnussen,21.887
2018,Hungary,3,R. Grosjean,21.905
2018,Hungary,3,C. Leclerc,21.931
2018,Hungary,3,M. Ericsson,21.934
2018,Hungary,3,L. Stroll,22.027
2018,Hungary,3,E. Ocon,22.059
2018,Hungary,3,S. Perez,22.113
2018,Hungary,3,S. Sirotkin,22.264
2018,Belgium,1,S. Vettel,29.872
2018,Belgium,1,K. Raikkonen,29.957
2018,Belgium,1,S. Perez,29.963
2018,Belgium,1,E. Ocon,30.154
2018,Belgium,1,L. Hamilton,30.217
2018,Belgium,1,K. Magnussen,30.238
2018,Belgium,1,R. Grosjean,30.251
2018,Belgium,1,V. Bottas,30.262
2018,Belgium,1,D. Ricciardo,30.369
2018,Belgium,1,B. Hartley,30.41
2018,Belgium,1,M. Verstappen,30.421
2018,Belgium,1,M. Ericsson,30.532
2018,Belgium,1,C. Leclerc,30.6
2018,Belgium,1,C. Sainz Jr.,30.603
2018,Belgium,1,P. Gasly,30.633
2018,Belgium,1,L. Stroll,30.665
2018,Belgium,1,N. Hulkenberg,30.687
2018,Belgium,1,F. Alonso,30.699
2018,Belgium,1,S. Sirotkin,30.824
2018,Belgium,1,S. Vandoorne,31.066
2018,Belgium,2,L. Hamilton,43.115
2018,Belgium,2,K. Raikkonen,43.426
2018,Belgium,2,S. Vettel,43.496
2018,Belgium,2,V. Bottas,43.521
2018,Belgium,2,M. Verstappen,43.909
2018,Belgium,2,R. Grosjean,44.14
2018,Belgium,2,D. Ricciardo,44.429
2018,Belgium,2,C. Leclerc,44.439
2018,Belgium,2,K. Magnussen,44.496
2018,Belgium,2,P. Gasly,44.56
2018,Belgium,2,S. Perez,44.663
2018,Belgium,2,M. Ericsson,44.678
2018,Belgium,2,B. Hartley,44.795
2018,Belgium,2,E. Ocon,44.821
2018,Belgium,2,N. Hulkenberg,44.859
2018,Belgium,2,C. Sainz Jr.,44.941
2018,Belgium,2,S. Sirotkin,45.221
2018,Belgium,2,F. Alonso,45.325
2018,Belgium,2,S. Vandoorne,45.576
2018,Belgium,2,L. Stroll,45.65
2018,Belgium,3,S. Vettel,28.12
2018,Belgium,3,K. Raikkonen,28.135
2018,Belgium,3,L. Hamilton,28.221
2018,Belgium,3,M. Verstappen,28.224
2018,Belgium,3,E. Ocon,28.327
2018,Belgium,3,D. Ricciardo,28.328
2018,Belgium,3,S. Perez,28.388
2018,Belgium,3,V. Bottas,28.408
2018,Belgium,3,R. Grosjean,28.481
2018,Belgium,3,C. Leclerc,28.503
2018,Belgium,3,K. Magnussen,28.51
2018,Belgium,3,M. Ericsson,28.549
2018,Belgium,3,B. Hartley,28.557
2018,Belgium,3,N. Hulkenberg,28.599
2018,Belgium,3,P. Gasly,28.645
2018,Belgium,3,S. Vandoorne,28.649
2018,Belgium,3,C. Sainz Jr.,28.718
2018,Belgium,3,L. Stroll,28.752
2018,Belgium,3,F. Alonso,28.804
2018,Belgium,3,S. Sirotkin,28.953
2018,Italy,1,L. Hamilton,26.479
2018,Italy,1,K. Raikkonen,26.519
2018,Italy,1,S. Vettel,26.604
2018,Italy,1,V. Bottas,26.803
2018,Italy,1,M. Verstappen,26.858
2018,Italy,1,E. Ocon,26.868
2018,Italy,1,C. Sainz Jr.,26.939
2018,Italy,1,R. Grosjean,26.996
2018,Italy,1,P. Gasly,27.097
2018,Italy,1,L. Stroll,27.119
2018,Italy,1,S. Sirotkin,27.193
2018,Italy,1,D. Ricciardo,27.194
2018,Italy,1,F. Alonso,27.203
2018,Italy,1,S. Perez,27.215
2018,Italy,1,K. Magnussen,27.267
2018,Italy,1,N. Hulkenberg,27.271
2018,Italy,1,S. Vandoorne,27.313
2018,Italy,1,B. Hartley,27.344
2018,Italy,1,C. Leclerc,27.399
2018,Italy,1,M. Ericsson,27.425
2018,Italy,2,V. Bottas,26.52
2018,Italy,2,L. Hamilton,26.54
2018,Italy,2,S. Vettel,26.548
2018,Italy,2,K. Raikkonen,26.594
2018,Italy,2,M. Verstappen,26.854
2018,Italy,2,C. Sainz Jr.,27.085
2018,Italy,2,D. Ricciardo,27.152
2018,Italy,2,L. Stroll,27.231
2018,Italy,2,P. Gasly,27.241
2018,Italy,2,E. Ocon,27.302
2018,Italy,2,R. Grosjean,27.304
2018,Italy,2,S. Sirotkin,27.369
2018,Italy,2,K. Magnussen,27.382
2018,Italy,2,C. Leclerc,27.407
2018,Italy,2,N. Hulkenberg,27.416
2018,Italy,2,B. Hartley,27.478
2018,Italy,2,S. Perez,27.479
2018,Italy,2,M. Ericsson,27.514
2018,Italy,2,F. Alonso,27.589
2018,Italy,2,S. Vandoorne,27.597
2018,Italy,3,K. Raikkonen,26.006
2018,Italy,3,S. Vettel,26.128
2018,Italy,3,L. Hamilton,26.19
2018,Italy,3,V. Bottas,26.306
2018,Italy,3,M. Verstappen,26.609
2018,Italy,3,R. Grosjean,26.636
2018,Italy,3,E. Ocon,26.886
2018,Italy,3,D. Ricciardo,26.934
2018,Italy,3,C. Sainz Jr.,26.951
2018,Italy,3,K. Magnussen,26.988
2018,Italy,3,P. Gasly,27.012
2018,Italy,3,F. Alonso,27.058
2018,Italy,3,C. Leclerc,27.083
2018,Italy,3,S. Sirotkin,27.09
2018,Italy,3,S. Perez,27.096
2018,Italy,3,M. Ericsson,27.109
2018,Italy,3,B. Hartley,27.112
2018,Italy,3,N. Hulkenberg,27.114
2018,Italy,3,L. Stroll,27.131
2018,Italy,3,S. Vandoorne,27.131
2018,Singapore,1,S. Vettel,26.207
2018,Singapore,1,L. Hamilton,26.263
2018,Singapore,1,K. Raikkonen,26.296
2018,Singapore,1,M. Verstappen,26.415
2018,Singapore,1,V. Bottas,26.461
2018,Singapore,1,D. Ricciardo,26.536
2018,Singapore,1,R. Grosjean,26.772
2018,Singapore,1,S. Perez,26.806
2018,Singapore,1,F. Alonso,26.84
2018,Singapore,1,E. Ocon,26.853
2018,Singapore,1,C. Leclerc,26.94
2018,Singapore,1,M. Ericsson,26.969
2018,Singapore,1,N. Hulkenberg,26.994
2018,Singapore,1,C. Sainz Jr.,27.03
2018,Singapore,1,S. Vandoorne,27.119
2018,Singapore,1,P. Gasly,27.121
2018,Singapore,1,K. Magnussen,27.136
2018,Singapore,1,B. Hartley,27.324
2018,Singapore,1,L. Stroll,27.364
2018,Singapore,1,S. Sirotkin,27.455
2018,Singapore,2,M. Verstappen,36.857
2018,Singapore,2,L. Hamilton,36.967
2018,Singapore,2,V. Bottas,37.284
2018,Singapore,2,S. Vettel,37.315
2018,Singapore,2,K. Raikkonen,37.344
2018,Singapore,2,D. Ricciardo,37.453
2018,Singapore,2,S. Perez,37.724
2018,Singapore,2,R. Grosjean,37.737
2018,Singapore,2,C. Sainz Jr.,37.835
2018,Singapore,2,E. Ocon,37.867
2018,Singapore,2,C. Leclerc,37.873
2018,Singapore,2,N. Hulkenberg,37.882
2018,Singapore,2,F. Alonso,38.065
2018,Singapore,2,M. Ericsson,38.141
2018,Singapore,2,P. Gasly,38.28
2018,Singapore,2,K. Magnussen,38.369
2018,Singapore,2,B. Hartley,38.4
2018,Singapore,2,S. Vandoorne,38.648
2018,Singapore,2,L. Stroll,39.026
2018,Singapore,2,S. Sirotkin,39.154
2018,Singapore,3,L. Hamilton,32.785
2018,Singapore,3,M. Verstappen,32.91
2018,Singapore,3,V. Bottas,32.95
2018,Singapore,3,D. Ricciardo,33.007
2018,Singapore,3,S. Vettel,33.045
2018,Singapore,3,K. Raikkonen,33.139
2018,Singapore,3,S. Perez,33.455
2018,Singapore,3,N. Hulkenberg,33.501
2018,Singapore,3,E. Ocon,33.634
2018,Singapore,3,R. Grosjean,33.693
2018,Singapore,3,C. Sainz Jr.,33.704
2018,Singapore,3,F. Alonso,33.722
2018,Singapore,3,C. Leclerc,33.855
2018,Singapore,3,S. Vandoorne,34.04
2018,Singapore,3,P. Gasly,34.049
2018,Singapore,3,K. Magnussen,34.059
2018,Singapore,3,B. Hartley,34.085
2018,Singapore,3,M. Ericsson,34.148
2018,Singapore,3,S. Sirotkin,34.531
2018,Singapore,3,L. Stroll,34.944
2018,Russia,1,L. Hamilton,33.094
2018,Russia,1,K. Raikkonen,33.222
2018,Russia,1,V. Bottas,33.321
2018,Russia,1,S. Vettel,33.38
2018,Russia,1,C. Leclerc,33.716
2018,Russia,1,E. Ocon,33.804
2018,Russia,1,S. Perez,33.84
2018,Russia,1,K. Magnussen,33.843
2018,Russia,1,M. Ericsson,33.867
2018,Russia,1,R. Grosjean,33.966
2018,Russia,1,S. Sirotkin,34.02
2018,Russia,1,M. Verstappen,34.027
2018,Russia,1,D. Ricciardo,34.104
2018,Russia,1,L. Stroll,34.129
2018,Russia,1,C. Sainz Jr.,34.245
2018,Russia,1,N. Hulkenberg,34.341
2018,Russia,1,P. Gasly,34.376
2018,Russia,1,S. Vandoorne,34.426
2018,Russia,1,B. Hartley,34.502
2018,Russia,1,F. Alonso,34.846
2018,Russia,2,V. Bottas,31.292
2018,Russia,2,S. Vettel,31.419
2018,Russia,2,L. Hamilton,31.438
2018,Russia,2,K. Raikkonen,31.54
2018,Russia,2,D. Ricciardo,32.007
2018,Russia,2,K. Magnussen,32.065
2018,Russia,2,M. Verstappen,32.066
2018,Russia,2,E. Ocon,32.181
2018,Russia,2,C. Leclerc,32.268
2018,Russia,2,S. Perez,32.282
2018,Russia,2,R. Grosjean,32.288
2018,Russia,2,M. Ericsson,32.324
2018,Russia,2,P. Gasly,32.647
2018,Russia,2,N. Hulkenberg,32.746
2018,Russia,2,C. Sainz Jr.,32.756
2018,Russia,2,B. Hartley,32.778
2018,Russia,2,F. Alonso,32.815
2018,Russia,2,L. Stroll,33.036
2018,Russia,2,S. Sirotkin,33.04
2018,Russia,2,S. Vandoorne,33.349
2018,Russia,3,V. Bottas,26.774
2018,Russia,3,L. Hamilton,26.798
2018,Russia,3,M. Verstappen,26.864
2018,Russia,3,S. Vettel,27.081
2018,Russia,3,D. Ricciardo,27.084
2018,Russia,3,K. Raikkonen,27.182
2018,Russia,3,R. Grosjean,27.197
2018,Russia,3,K. Magnussen,27.233
2018,Russia,3,E. Ocon,27.285
2018,Russia,3,S. Perez,27.327
2018,Russia,3,C. Leclerc,27.339
2018,Russia,3,P. Gasly,27.349
2018,Russia,3,M. Ericsson,27.524
2018,Russia,3,N. Hulkenberg,27.544
2018,Russia,3,B. Hartley,27.571
2018,Russia,3,C. Sainz Jr.,27.572
2018,Russia,3,F. Alonso,27.843
2018,Russia,3,S. Vandoorne,28.139
2018,Russia,3,S. Sirotkin,28.256
2018,Russia,3,L. Stroll,29.003
2018,Japan,1,V. Bottas,30.895
2018,Japan,1,L. Hamilton,30.913
2018,Japan,1,S. Vettel,31.268
2018,Japan,1,M. Verstappen,31.361
2018,Japan,1,R. Grosjean,31.418
2018,Japan,1,K. Raikkonen,31.46
2018,Japan,1,S. Perez,31.671
2018,Japan,1,P. Gasly,31.703
2018,Japan,1,K. Magnussen,31.757
2018,Japan,1,E. Ocon,31.794
2018,Japan,1,C. Leclerc,31.803
2018,Japan,1,B. Hartley,31.818
2018,Japan,1,C. Sainz Jr.,31.88
2018,Japan,1,L. Stroll,31.936
2018,Japan,1,D. Ricciardo,31.963
2018,Japan,1,S. Sirotkin,31.963
2018,Japan,1,F. Alonso,32.065
2018,Japan,1,N. Hulkenberg,32.106
2018,Japan,1,S. Vandoorne,32.204
2018,Japan,1,M. Ericsson,32.521
2018,Japan,2,L. Hamilton,39.588
2018,Japan,2,S. Vettel,39.681
2018,Japan,2,V. Bottas,39.708
2018,Japan,2,K. Raikkonen,39.882
2018,Japan,2,M. Verstappen,40.04
2018,Japan,2,D. Ricciardo,40.195
2018,Japan,2,C. Leclerc,40.215
2018,Japan,2,E. Ocon,40.258
2018,Japan,2,S. Perez,40.367
2018,Japan,2,B. Hartley,40.401
2018,Japan,2,P. Gasly,40.442
2018,Japan,2,N. Hulkenberg,40.443
2018,Japan,2,R. Grosjean,40.552
2018,Japan,2,C. Sainz Jr.,40.67
2018,Japan,2,S. Sirotkin,40.702
2018,Japan,2,L. Stroll,40.71
2018,Japan,2,K. Magnussen,40.743
2018,Japan,2,F. Alonso,40.808
2018,Japan,2,S. Vandoorne,40.914
2018,Japan,2,M. Ericsson,41.05
2018,Japan,3,K. Raikkonen,17.199
2018,Japan,3,L. Hamilton,17.253
2018,Japan,3,V. Bottas,17.287
2018,Japan,3,S. Vettel,17.33
2018,Japan,3,M. Verstappen,17.441
2018,Japan,3,E. Ocon,17.466
2018,Japan,3,R. Grosjean,17.501
2018,Japan,3,S. Perez,17.529
2018,Japan,3,B. Hartley,17.573
2018,Japan,3,K. Magnussen,17.577
2018,Japan,3,C. Leclerc,17.578
2018,Japan,3,P. Gasly,17.625
2018,Japan,3,M. Ericsson,17.642
2018,Japan,3,D. Ricciardo,17.648
2018,Japan,3,L. Stroll,17.671
2018,Japan,3,N. Hulkenberg,17.671
2018,Japan,3,C. Sainz Jr.,17.686
2018,Japan,3,F. Alonso,17.7
2018,Japan,3,S. Sirotkin,17.707
2018,Japan,3,S. Vandoorne,17.83
2018,Mexico,1,S. Vettel,24.556
2018,Mexico,1,K. Raikkonen,24.611
2018,Mexico,1,L. Hamilton,24.729
2018,Mexico,1,V. Bottas,24.769
2018,Mexico,1,R. Grosjean,24.959
2018,Mexico,1,D. Ricciardo,24.984
2018,Mexico,1,C. Leclerc,25.028
2018,Mexico,1,K. Magnussen,25.046
2018,Mexico,1,E. Ocon,25.184
2018,Mexico,1,M. Verstappen,25.213
2018,Mexico,1,N. Hulkenberg,25.274
2018,Mexico,1,F. Alonso,25.303
2018,Mexico,1,C. Sainz Jr.,25.343
2018,Mexico,1,S. Perez,25.348
2018,Mexico,1,M. Ericsson,25.404
2018,Mexico,1,L. Stroll,25.417
2018,Mexico,1,S. Sirotkin,25.459
2018,Mexico,1,S. Vandoorne,25.479
2018,Mexico,1,P. Gasly,25.641
2018,Mexico,1,B. Hartley,25.705
2018,Mexico,2,L. Hamilton,36.845
2018,Mexico,2,K. Raikkonen,36.869
2018,Mexico,2,S. Vettel,36.886
2018,Mexico,2,V. Bottas,36.986
2018,Mexico,2,E. Ocon,37.629
2018,Mexico,2,N. Hulkenberg,37.695
2018,Mexico,2,D. Ricciardo,37.705
2018,Mexico,2,P. Gasly,37.707
2018,Mexico,2,S. Perez,37.718
2018,Mexico,2,C. Leclerc,37.73
2018,Mexico,2,C. Sainz Jr.,37.742
2018,Mexico,2,M. Verstappen,37.806
2018,Mexico,2,R. Grosjean,37.855
2018,Mexico,2,K. Magnussen,37.873
2018,Mexico,2,B. Hartley,37.96
2018,Mexico,2,S. Sirotkin,38.131
2018,Mexico,2,L. Stroll,38.162
2018,Mexico,2,F. Alonso,38.284
2018,Mexico,2,S. Vandoorne,38.313
2018,Mexico,2,M. Ericsson,38.34
2018,Mexico,3,L. Hamilton,30.663
2018,Mexico,3,D. Ricciardo,30.797
2018,Mexico,3,K. Raikkonen,30.827
2018,Mexico,3,V. Bottas,30.843
2018,Mexico,3,S. Vettel,30.856
2018,Mexico,3,N. Hulkenberg,31.246
2018,Mexico,3,E. Ocon,31.332
2018,Mexico,3,C. Leclerc,31.371
2018,Mexico,3,R. Grosjean,31.387
2018,Mexico,3,C. Sainz Jr.,31.439
2018,Mexico,3,S. Perez,31.45
2018,Mexico,3,P. Gasly,31.473
2018,Mexico,3,M. Verstappen,31.489
2018,Mexico,3,B. Hartley,31.502
2018,Mexico,3,K. Magnussen,31.632
2018,Mexico,3,F. Alonso,31.707
2018,Mexico,3,S. Sirotkin,31.772
2018,Mexico,3,M. Ericsson,31.792
2018,Mexico,3,L. Stroll,31.901
2018,Mexico,3,S. Vandoorne,31.943
2018,United-States,1,S. Vettel,26.687
2018,United-States,1,K. Raikkonen,26.793
2018,United-States,1,L. Hamilton,26.867
2018,United-States,1,M. Verstappen,26.929
2018,United-States,1,V. Bottas,26.995
2018,United-States,1,C. Leclerc,27.008
2018,United-States,1,M. Ericsson,27.121
2018,United-States,1,D. Ricciardo,27.131
2018,United-States,1,S. Perez,27.141
2018,United-States,1,E. Ocon,27.189
2018,United-States,1,K. Magnussen,27.212
2018,United-States,1,R. Grosjean,27.225
2018,United-States,1,N. Hulkenberg,27.233
2018,United-States,1,L. Stroll,27.26
2018,United-States,1,C. Sainz Jr.,27.287
2018,United-States,1,S. Sirotkin,27.299
2018,United-States,1,P. Gasly,27.383
2018,United-States,1,B. Hartley,27.42
2018,United-States,1,S. Vandoorne,27.438
2018,United-States,1,F. Alonso,27.611
2018,United-States,2,D. Ricciardo,28.353
2018,United-States,2,V. Bottas,28.528
2018,United-States,2,M. Verstappen,28.539
2018,United-States,2,L. Hamilton,28.612
2018,United-States,2,S. Vettel,28.756
2018,United-States,2,K. Raikkonen,28.771
2018,United-States,2,N. Hulkenberg,28.997
2018,United-States,2,C. Sainz Jr.,29.094
2018,United-States,2,C. Leclerc,29.103
2018,United-States,2,F. Alonso,29.274
2018,United-States,2,E. Ocon,29.392
2018,United-States,2,M. Ericsson,29.434
2018,United-States,2,S. Perez,29.459
2018,United-States,2,S. Vandoorne,29.528
2018,United-States,2,B. Hartley,29.571
2018,United-States,2,R. Grosjean,29.609
2018,United-States,2,P. Gasly,29.725
2018,United-States,2,K. Magnussen,29.857
2018,United-States,2,S. Sirotkin,30.061
2018,United-States,2,L. Stroll,30.082
2018,United-States,3,D. Ricciardo,19.275
2018,United-States,3,M. Verstappen,19.315
2018,United-States,3,L. Hamilton,19.341
2018,United-States,3,V. Bottas,19.52
2018,United-States,3,S. Vettel,19.527
2018,United-States,3,N. Hulkenberg,19.536
2018,United-States,3,S. Perez,19.642
2018,United-States,3,C. Sainz Jr.,19.647
2018,United-States,3,E. Ocon,19.669
2018,United-States,3,B. Hartley,19.688
2018,United-States,3,K. Raikkonen,19.692
2018,United-States,3,P. Gasly,19.72
2018,United-States,3,M. Ericsson,19.808
2018,United-States,3,C. Leclerc,19.83
2018,United-States,3,F. Alonso,19.936
2018,United-States,3,S. Vandoorne,20
2018,United-States,3,R. Grosjean,20.073
2018,United-States,3,L. Stroll,20.206
2018,United-States,3,S. Sirotkin,20.273
2018,United-States,3,K. Magnussen,20.286
2018,Brazil,1,S. Vettel,17.327
2018,Brazil,1,K. Raikkonen,17.38
2018,Brazil,1,V. Bottas,17.445
2018,Brazil,1,L. Hamilton,17.454
2018,Brazil,1,E. Ocon,17.595
2018,Brazil,1,K. Magnussen,17.613
2018,Brazil,1,C. Leclerc,17.634
2018,Brazil,1,M. Verstappen,17.639
2018,Brazil,1,D. Ricciardo,17.654
2018,Brazil,1,M. Ericsson,17.668
2018,Brazil,1,R. Grosjean,17.683
2018,Brazil,1,P. Gasly,17.725
2018,Brazil,1,S. Perez,17.747
2018,Brazil,1,N. Hulkenberg,17.802
2018,Brazil,1,L. Stroll,17.882
2018,Brazil,1,S. Sirotkin,17.935
2018,Brazil,1,S. Vandoorne,17.952
2018,Brazil,1,F. Alonso,17.961
2018,Brazil,1,C. Sainz Jr.,17.968
2018,Brazil,1,B. Hartley,18.027
2018,Brazil,2,L. Hamilton,34.122
2018,Brazil,2,M. Verstappen,34.228
2018,Brazil,2,D. Ricciardo,34.232
2018,Brazil,2,V. Bottas,34.241
2018,Brazil,2,S. Vettel,34.287
2018,Brazil,2,K. Raikkonen,34.29
2018,Brazil,2,R. Grosjean,34.603
2018,Brazil,2,M. Ericsson,34.693
2018,Brazil,2,K. Magnussen,34.707
2018,Brazil,2,C. Leclerc,34.783
2018,Brazil,2,P. Gasly,34.869
2018,Brazil,2,N. Hulkenberg,34.874
2018,Brazil,2,E. Ocon,34.981
2018,Brazil,2,S. Perez,35.014
2018,Brazil,2,C. Sainz Jr.,35.065
2018,Brazil,2,B. Hartley,35.17
2018,Brazil,2,S. Sirotkin,35.197
2018,Brazil,2,F. Alonso,35.255
2018,Brazil,2,S. Vandoorne,35.266
2018,Brazil,2,L. Stroll,35.354
2018,Brazil,3,L. Hamilton,15.601
2018,Brazil,3,S. Vettel,15.601
2018,Brazil,3,V. Bottas,15.625
2018,Brazil,3,K. Raikkonen,15.671
2018,Brazil,3,C. Leclerc,15.681
2018,Brazil,3,M. Ericsson,15.799
2018,Brazil,3,D. Ricciardo,15.894
2018,Brazil,3,M. Verstappen,15.911
2018,Brazil,3,R. Grosjean,15.941
2018,Brazil,3,E. Ocon,15.945
2018,Brazil,3,N. Hulkenberg,15.949
2018,Brazil,3,K. Magnussen,15.965
2018,Brazil,3,S. Perez,15.969
2018,Brazil,3,P. Gasly,15.979
2018,Brazil,3,B. Hartley,16.083
2018,Brazil,3,L. Stroll,16.084
2018,Brazil,3,S. Sirotkin,16.113
2018,Brazil,3,F. Alonso,16.13
2018,Brazil,3,C. Sainz Jr.,16.192
2018,Brazil,3,S. Vandoorne,16.23
2018,Abu-Dhabi,1,S. Vettel,16.681
2018,Abu-Dhabi,1,K. Raikkonen,16.819
2018,Abu-Dhabi,1,C. Leclerc,16.891
2018,Abu-Dhabi,1,L. Hamilton,16.893
2018,Abu-Dhabi,1,R. Grosjean,16.929
2018,Abu-Dhabi,1,V. Bottas,16.995
2018,Abu-Dhabi,1,M. Ericsson,17.052
2018,Abu-Dhabi,1,E. Ocon,17.067
2018,Abu-Dhabi,1,K. Magnussen,17.087
2018,Abu-Dhabi,1,M. Verstappen,17.094
2018,Abu-Dhabi,1,D. Ricciardo,17.127
2018,Abu-Dhabi,1,N. Hulkenberg,17.179
2018,Abu-Dhabi,1,S. Perez,17.182
2018,Abu-Dhabi,1,F. Alonso,17.191
2018,Abu-Dhabi,1,C. Sainz Jr.,17.213
2018,Abu-Dhabi,1,L. Stroll,17.385
2018,Abu-Dhabi,1,S. Sirotkin,17.423
2018,Abu-Dhabi,1,S. Vandoorne,17.438
2018,Abu-Dhabi,1,B. Hartley,17.45
2018,Abu-Dhabi,1,P. Gasly,17.459
2018,Abu-Dhabi,2,V. Bottas,40.521
2018,Abu-Dhabi,2,L. Hamilton,40.545
2018,Abu-Dhabi,2,S. Vettel,40.581
2018,Abu-Dhabi,2,K. Raikkonen,40.672
2018,Abu-Dhabi,2,C. Leclerc,40.755
2018,Abu-Dhabi,2,M. Verstappen,40.839
2018,Abu-Dhabi,2,D. Ricciardo,40.853
2018,Abu-Dhabi,2,E. Ocon,40.879
2018,Abu-Dhabi,2,R. Grosjean,40.917
2018,Abu-Dhabi,2,N. Hulkenberg,41.091
2018,Abu-Dhabi,2,S. Perez,41.18
2018,Abu-Dhabi,2,M. Ericsson,41.208
2018,Abu-Dhabi,2,K. Magnussen,41.298
2018,Abu-Dhabi,2,C. Sainz Jr.,41.303
2018,Abu-Dhabi,2,P. Gasly,41.419
2018,Abu-Dhabi,2,F. Alonso,41.538
2018,Abu-Dhabi,2,B. Hartley,41.589
2018,Abu-Dhabi,2,S. Sirotkin,41.626
2018,Abu-Dhabi,2,S. Vandoorne,41.761
2018,Abu-Dhabi,2,L. Stroll,41.865
2018,Abu-Dhabi,3,D. Ricciardo,37.263
2018,Abu-Dhabi,3,L. Hamilton,37.356
2018,Abu-Dhabi,3,V. Bottas,37.44
2018,Abu-Dhabi,3,M. Verstappen,37.634
2018,Abu-Dhabi,3,S. Vettel,37.858
2018,Abu-Dhabi,3,K. Raikkonen,37.862
2018,Abu-Dhabi,3,N. Hulkenberg,38.142
2018,Abu-Dhabi,3,R. Grosjean,38.174
2018,Abu-Dhabi,3,C. Sainz Jr.,38.389
2018,Abu-Dhabi,3,C. Leclerc,38.536
2018,Abu-Dhabi,3,E. Ocon,38.594
2018,Abu-Dhabi,3,M. Ericsson,38.869
2018,Abu-Dhabi,3,S. Perez,38.88
2018,Abu-Dhabi,3,B. Hartley,38.905
2018,Abu-Dhabi,3,K. Magnussen,38.924
2018,Abu-Dhabi,3,F. Alonso,38.973
2018,Abu-Dhabi,3,P. Gasly,39.01
2018,Abu-Dhabi,3,S. Vandoorne,39.378
2018,Abu-Dhabi,3,L. Stroll,39.432
2018,Abu-Dhabi,3,S. Sirotkin,39.586
2019,Australia,1,L. Hamilton,26.613
2019,Australia,1,V. Bottas,26.653
2019,Australia,1,M. Verstappen,26.815
2019,Australia,1,S. Vettel,26.936
2019,Australia,1,C. Leclerc,26.949
2019,Australia,1,R. Grosjean,27.1
2019,Australia,1,K. Magnussen,27.174
2019,Australia,1,K. Raikkonen,27.195
2019,Australia,1,L. Norris,27.246
2019,Australia,1,S. Perez,27.307
2019,Australia,1,N. Hulkenberg,27.366
2019,Australia,1,D. Kvyat,27.396
2019,Australia,1,A. Albon,27.41
2019,Australia,1,D. Ricciardo,27.448
2019,Australia,1,A. Giovinazzi,27.45
2019,Australia,1,L. Stroll,27.495
2019,Australia,1,C. Sainz,27.564
2019,Australia,1,P. Gasly,27.667
2019,Australia,1,G. Russell,27.998
2019,Australia,1,R. Kubica,28.21
2019,Australia,2,V. Bottas,21.877
2019,Australia,2,L. Hamilton,21.962
2019,Australia,2,S. Vettel,22.172
2019,Australia,2,C. Leclerc,22.177
2019,Australia,2,R. Grosjean,22.238
2019,Australia,2,M. Verstappen,22.252
2019,Australia,2,A. Giovinazzi,22.273
2019,Australia,2,K. Magnussen,22.322
2019,Australia,2,N. Hulkenberg,22.327
2019,Australia,2,L. Norris,22.332
2019,Australia,2,A. Albon,22.333
2019,Australia,2,D. Kvyat,22.406
2019,Australia,2,K. Raikkonen,22.409
2019,Australia,2,D. Ricciardo,22.449
2019,Australia,2,S. Perez,22.485
2019,Australia,2,L. Stroll,22.525
2019,Australia,2,P. Gasly,22.547
2019,Australia,2,C. Sainz,22.559
2019,Australia,2,G. Russell,22.872
2019,Australia,2,R. Kubica,23.279
2019,Australia,3,L. Hamilton,31.911
2019,Australia,3,V. Bottas,31.962
2019,Australia,3,S. Vettel,32.034
2019,Australia,3,C. Leclerc,32.236
2019,Australia,3,M. Verstappen,32.239
2019,Australia,3,K. Magnussen,32.403
2019,Australia,3,R. Grosjean,32.406
2019,Australia,3,K. Raikkonen,32.574
2019,Australia,3,D. Ricciardo,32.597
2019,Australia,3,L. Norris,32.606
2019,Australia,3,N. Hulkenberg,32.681
2019,Australia,3,S. Perez,32.693
2019,Australia,3,D. Kvyat,32.697
2019,Australia,3,A. Giovinazzi,32.705
2019,Australia,3,P. Gasly,32.806
2019,Australia,3,A. Albon,32.858
2019,Australia,3,L. Stroll,32.907
2019,Australia,3,C. Sainz,32.961
2019,Australia,3,G. Russell,33.49
2019,Australia,3,R. Kubica,33.908
2019,Bahrein,1,C. Leclerc,27.762
2019,Bahrein,1,S. Vettel,27.825
2019,Bahrein,1,L. Hamilton,27.946
2019,Bahrein,1,V. Bottas,28.029
2019,Bahrein,1,C. Sainz Jr.,28.037
2019,Bahrein,1,K. Raikkonen,28.108
2019,Bahrein,1,M. Verstappen,28.138
2019,Bahrein,1,A. Albon,28.148
2019,Bahrein,1,K. Magnussen,28.152
2019,Bahrein,1,L. Norris,28.211
2019,Bahrein,1,D. Ricciardo,28.285
2019,Bahrein,1,P. Gasly,28.292
2019,Bahrein,1,R. Grosjean,28.298
2019,Bahrein,1,N. Hulkenberg,28.386
2019,Bahrein,1,S. Perez Mendoza,28.454
2019,Bahrein,1,D. Kvyat,28.531
2019,Bahrein,1,L. Stroll,28.575
2019,Bahrein,1,A. Giovinazzi,28.577
2019,Bahrein,1,G. Russell,28.862
2019,Bahrein,1,R. Kubica,28.879
2019,Bahrein,2,V. Bottas,38.065
2019,Bahrein,2,C. Leclerc,38.066
2019,Bahrein,2,S. Vettel,38.12
2019,Bahrein,2,L. Hamilton,38.137
2019,Bahrein,2,M. Verstappen,38.331
2019,Bahrein,2,K. Magnussen,38.399
2019,Bahrein,2,C. Sainz Jr.,38.412
2019,Bahrein,2,L. Norris,38.414
2019,Bahrein,2,R. Grosjean,38.513
2019,Bahrein,2,K. Raikkonen,38.513
2019,Bahrein,2,P. Gasly,38.575
2019,Bahrein,2,A. Albon,38.707
2019,Bahrein,2,D. Kvyat,38.808
2019,Bahrein,2,S. Perez Mendoza,38.835
2019,Bahrein,2,A. Giovinazzi,38.835
2019,Bahrein,2,D. Ricciardo,38.857
2019,Bahrein,2,N. Hulkenberg,38.953
2019,Bahrein,2,L. Stroll,39
2019,Bahrein,2,R. Kubica,39.623
2019,Bahrein,2,G. Russell,39.799
2019,Bahrein,3,C. Leclerc,22.036
2019,Bahrein,3,V. Bottas,22.098
2019,Bahrein,3,L. Hamilton,22.104
2019,Bahrein,3,S. Vettel,22.146
2019,Bahrein,3,K. Magnussen,22.152
2019,Bahrein,3,R. Grosjean,22.204
2019,Bahrein,3,M. Verstappen,22.283
2019,Bahrein,3,D. Ricciardo,22.339
2019,Bahrein,3,K. Raikkonen,22.352
2019,Bahrein,3,C. Sainz Jr.,22.364
2019,Bahrein,3,S. Perez Mendoza,22.398
2019,Bahrein,3,L. Norris,22.418
2019,Bahrein,3,D. Kvyat,22.465
2019,Bahrein,3,A. Albon,22.479
2019,Bahrein,3,P. Gasly,22.499
2019,Bahrein,3,A. Giovinazzi,22.614
2019,Bahrein,3,L. Stroll,22.634
2019,Bahrein,3,N. Hulkenberg,22.649
2019,Bahrein,3,G. Russell,23.098
2019,Bahrein,3,R. Kubica,23.117
2019,China,1,L. Hamilton,23.921
2019,China,1,S. Vettel,23.933
2019,China,1,V. Bottas,23.988
2019,China,1,C. Leclerc,24.01
2019,China,1,M. Verstappen,24.041
2019,China,1,R. Grosjean,24.194
2019,China,1,K. Magnussen,24.296
2019,China,1,D. Kvyat,24.299
2019,China,1,P. Gasly,24.326
2019,China,1,D. Ricciardo,24.336
2019,China,1,N. Hulkenberg,24.351
2019,China,1,C. Sainz,24.452
2019,China,1,S. Perez Mendoza,24.466
2019,China,1,K. Raikkonen,24.489
2019,China,1,L. Norris,24.497
2019,China,1,L. Stroll,24.538
2019,China,1,G. Russell,24.848
2019,China,1,R. Kubica,24.896
2019,China,1,A. Giovinazzi,29.619
2019,China,2,L. Hamilton,27.016
2019,China,2,V. Bottas,27.051
2019,China,2,C. Leclerc,27.133
2019,China,2,S. Vettel,27.135
2019,China,2,M. Verstappen,27.176
2019,China,2,N. Hulkenberg,27.451
2019,China,2,K. Magnussen,27.463
2019,China,2,S. Perez Mendoza,27.527
2019,China,2,D. Kvyat,27.552
2019,China,2,D. Ricciardo,27.577
2019,China,2,C. Sainz,27.584
2019,China,2,R. Grosjean,27.603
2019,China,2,P. Gasly,27.624
2019,China,2,K. Raikkonen,27.649
2019,China,2,L. Norris,27.828
2019,China,2,L. Stroll,27.927
2019,China,2,R. Kubica,28.18
2019,China,2,G. Russell,28.203
2019,China,2,A. Giovinazzi,37.651
2019,China,3,L. Hamilton,40.24
2019,China,3,V. Bottas,40.383
2019,China,3,S. Vettel,40.438
2019,China,3,C. Leclerc,40.499
2019,China,3,M. Verstappen,40.636
2019,China,3,P. Gasly,40.854
2019,China,3,N. Hulkenberg,40.877
2019,China,3,D. Ricciardo,40.999
2019,China,3,D. Kvyat,41.119
2019,China,3,C. Sainz,41.181
2019,China,3,K. Magnussen,41.188
2019,China,3,K. Raikkonen,41.193
2019,China,3,S. Perez Mendoza,41.251
2019,China,3,R. Grosjean,41.359
2019,China,3,L. Norris,41.522
2019,China,3,L. Stroll,41.616
2019,China,3,G. Russell,42.026
2019,China,3,R. Kubica,42.137
2019,China,3,A. Giovinazzi,01:02.1
2019,Azerbaijan,1,S. Vettel,35.326
2019,Azerbaijan,1,V. Bottas,35.359
2019,Azerbaijan,1,L. Hamilton,35.384
2019,Azerbaijan,1,M. Verstappen,35.482
2019,Azerbaijan,1,P. Gasly,35.565
2019,Azerbaijan,1,C. Leclerc,35.605
2019,Azerbaijan,1,L. Norris,35.646
2019,Azerbaijan,1,D. Kvyat,35.648
2019,Azerbaijan,1,S. Perez,35.688
2019,Azerbaijan,1,A. Albon,35.784
2019,Azerbaijan,1,C. Sainz,35.872
2019,Azerbaijan,1,K. Raikkonen,35.9
2019,Azerbaijan,1,D. Ricciardo,36.014
2019,Azerbaijan,1,A. Giovinazzi,36.099
2019,Azerbaijan,1,K. Magnussen,36.1
2019,Azerbaijan,1,L. Stroll,36.164
2019,Azerbaijan,1,R. Grosjean,36.391
2019,Azerbaijan,1,N. Hulkenberg,36.496
2019,Azerbaijan,1,G. Russell,36.696
2019,Azerbaijan,1,R. Kubica,36.93
2019,Azerbaijan,2,L. Hamilton,40.253
2019,Azerbaijan,2,V. Bottas,40.4
2019,Azerbaijan,2,M. Verstappen,40.462
2019,Azerbaijan,2,S. Vettel,40.473
2019,Azerbaijan,2,D. Kvyat,40.761
2019,Azerbaijan,2,C. Leclerc,40.794
2019,Azerbaijan,2,P. Gasly,40.866
2019,Azerbaijan,2,S. Perez,40.928
2019,Azerbaijan,2,L. Norris,40.981
2019,Azerbaijan,2,C. Sainz,41.041
2019,Azerbaijan,2,A. Albon,41.261
2019,Azerbaijan,2,A. Giovinazzi,41.296
2019,Azerbaijan,2,K. Raikkonen,41.332
2019,Azerbaijan,2,D. Ricciardo,41.348
2019,Azerbaijan,2,K. Magnussen,41.386
2019,Azerbaijan,2,L. Stroll,41.464
2019,Azerbaijan,2,R. Grosjean,41.58
2019,Azerbaijan,2,N. Hulkenberg,41.73
2019,Azerbaijan,2,G. Russell,42.304
2019,Azerbaijan,2,R. Kubica,42.361
2019,Azerbaijan,3,A. Giovinazzi,24.614
2019,Azerbaijan,3,L. Hamilton,24.698
2019,Azerbaijan,3,V. Bottas,24.736
2019,Azerbaijan,3,K. Raikkonen,24.75
2019,Azerbaijan,3,S. Vettel,24.764
2019,Azerbaijan,3,C. Leclerc,24.787
2019,Azerbaijan,3,S. Perez,24.836
2019,Azerbaijan,3,K. Magnussen,24.884
2019,Azerbaijan,3,C. Sainz,24.888
2019,Azerbaijan,3,P. Gasly,24.904
2019,Azerbaijan,3,R. Grosjean,24.982
2019,Azerbaijan,3,D. Ricciardo,24.984
2019,Azerbaijan,3,M. Verstappen,24.985
2019,Azerbaijan,3,L. Stroll,24.987
2019,Azerbaijan,3,A. Albon,25.001
2019,Azerbaijan,3,L. Norris,25.071
2019,Azerbaijan,3,D. Kvyat,25.091
2019,Azerbaijan,3,N. Hulkenberg,25.201
2019,Azerbaijan,3,G. Russell,25.564
2019,Azerbaijan,3,R. Kubica,25.982
2019,Spain,1,S. Vettel,21.284
2019,Spain,1,V. Bottas,21.488
2019,Spain,1,C. Leclerc,21.537
2019,Spain,1,L. Hamilton,21.56
2019,Spain,1,C. Sainz,21.634
2019,Spain,1,R. Grosjean,21.664
2019,Spain,1,M. Verstappen,21.685
2019,Spain,1,K. Raikkonen,21.705
2019,Spain,1,D. Ricciardo,21.713
2019,Spain,1,L. Norris,21.732
2019,Spain,1,A. Albon,21.796
2019,Spain,1,D. Kvyat,21.802
2019,Spain,1,P. Gasly,21.833
2019,Spain,1,K. Magnussen,21.833
2019,Spain,1,L. Stroll,21.835
2019,Spain,1,A. Giovinazzi,21.852
2019,Spain,1,S. Perez,21.886
2019,Spain,1,N. Hulkenberg,21.979
2019,Spain,1,G. Russell,22.113
2019,Spain,1,R. Kubica,22.227
2019,Spain,2,V. Bottas,28.04
2019,Spain,2,L. Hamilton,28.116
2019,Spain,2,M. Verstappen,28.274
2019,Spain,2,S. Vettel,28.357
2019,Spain,2,C. Leclerc,28.405
2019,Spain,2,P. Gasly,28.429
2019,Spain,2,K. Magnussen,28.438
2019,Spain,2,R. Grosjean,28.448
2019,Spain,2,D. Kvyat,28.701
2019,Spain,2,L. Norris,28.733
2019,Spain,2,D. Ricciardo,28.761
2019,Spain,2,C. Sainz,28.791
2019,Spain,2,A. Albon,28.801
2019,Spain,2,S. Perez,28.908
2019,Spain,2,L. Stroll,28.997
2019,Spain,2,K. Raikkonen,29.055
2019,Spain,2,N. Hulkenberg,29.063
2019,Spain,2,A. Giovinazzi,29.097
2019,Spain,2,G. Russell,29.4
2019,Spain,2,R. Kubica,29.726
2019,Spain,3,V. Bottas,25.878
2019,Spain,3,L. Hamilton,26.112
2019,Spain,3,M. Verstappen,26.322
2019,Spain,3,P. Gasly,26.358
2019,Spain,3,C. Leclerc,26.513
2019,Spain,3,S. Vettel,26.611
2019,Spain,3,K. Magnussen,26.612
2019,Spain,3,D. Kvyat,26.702
2019,Spain,3,D. Ricciardo,26.749
2019,Spain,3,R. Grosjean,26.765
2019,Spain,3,L. Norris,26.811
2019,Spain,3,A. Albon,26.848
2019,Spain,3,K. Raikkonen,26.973
2019,Spain,3,S. Perez,27.015
2019,Spain,3,N. Hulkenberg,27.118
2019,Spain,3,C. Sainz,27.128
2019,Spain,3,L. Stroll,27.55
2019,Spain,3,A. Giovinazzi,27.559
2019,Spain,3,G. Russell,27.559
2019,Spain,3,R. Kubica,28.097
2019,Monaco,1,L. Hamilton,18.28
2019,Monaco,1,V. Bottas,18.354
2019,Monaco,1,S. Vettel,18.466
2019,Monaco,1,M. Verstappen,18.511
2019,Monaco,1,P. Gasly,18.658
2019,Monaco,1,C. Sainz,18.671
2019,Monaco,1,K. Magnussen,18.693
2019,Monaco,1,D. Kvyat,18.746
2019,Monaco,1,D. Ricciardo,18.769
2019,Monaco,1,A. Giovinazzi,18.782
2019,Monaco,1,N. Hulkenberg,18.785
2019,Monaco,1,A. Albon,18.791
2019,Monaco,1,R. Grosjean,18.874
2019,Monaco,1,L. Norris,18.882
2019,Monaco,1,K. Raikkonen,18.901
2019,Monaco,1,C. Leclerc,18.903
2019,Monaco,1,S. Perez,18.945
2019,Monaco,1,L. Stroll,19.124
2019,Monaco,1,G. Russell,19.257
2019,Monaco,1,R. Kubica,19.267
2019,Monaco,2,V. Bottas,33.026
2019,Monaco,2,L. Hamilton,33.096
2019,Monaco,2,M. Verstappen,33.24
2019,Monaco,2,P. Gasly,33.37
2019,Monaco,2,K. Magnussen,33.425
2019,Monaco,2,S. Vettel,33.444
2019,Monaco,2,D. Kvyat,33.47
2019,Monaco,2,D. Ricciardo,33.525
2019,Monaco,2,R. Grosjean,33.67
2019,Monaco,2,L. Norris,33.699
2019,Monaco,2,A. Albon,33.714
2019,Monaco,2,C. Sainz,33.716
2019,Monaco,2,C. Leclerc,33.763
2019,Monaco,2,K. Raikkonen,33.789
2019,Monaco,2,N. Hulkenberg,33.824
2019,Monaco,2,A. Giovinazzi,33.844
2019,Monaco,2,S. Perez,34.039
2019,Monaco,2,L. Stroll,34.199
2019,Monaco,2,R. Kubica,34.548
2019,Monaco,2,G. Russell,34.622
2019,Monaco,3,L. Hamilton,18.667
2019,Monaco,3,V. Bottas,18.685
2019,Monaco,3,M. Verstappen,18.789
2019,Monaco,3,D. Ricciardo,18.863
2019,Monaco,3,P. Gasly,18.892
2019,Monaco,3,A. Albon,18.906
2019,Monaco,3,D. Kvyat,18.933
2019,Monaco,3,K. Magnussen,18.968
2019,Monaco,3,S. Vettel,18.972
2019,Monaco,3,C. Sainz,19.03
2019,Monaco,3,N. Hulkenberg,19.061
2019,Monaco,3,L. Norris,19.093
2019,Monaco,3,C. Leclerc,19.118
2019,Monaco,3,K. Raikkonen,19.121
2019,Monaco,3,R. Grosjean,19.202
2019,Monaco,3,S. Perez,19.216
2019,Monaco,3,A. Giovinazzi,19.238
2019,Monaco,3,L. Stroll,19.427
2019,Monaco,3,G. Russell,19.585
2019,Monaco,3,R. Kubica,19.841
2019,Canada,1,L. Hamilton,19.323
2019,Canada,1,S. Vettel,19.357
2019,Canada,1,V. Bottas,19.449
2019,Canada,1,C. Leclerc,19.483
2019,Canada,1,P. Gasly,19.53
2019,Canada,1,D. Ricciardo,19.591
2019,Canada,1,M. Verstappen,19.613
2019,Canada,1,K. Magnussen,19.683
2019,Canada,1,N. Hulkenberg,19.741
2019,Canada,1,C. Sainz,19.757
2019,Canada,1,A. Albon,19.778
2019,Canada,1,L. Norris,19.792
2019,Canada,1,R. Grosjean,19.806
2019,Canada,1,D. Kvyat,19.828
2019,Canada,1,A. Giovinazzi,20.038
2019,Canada,1,S. Perez,20.055
2019,Canada,1,L. Stroll,20.082
2019,Canada,1,K. Raikkonen,20.102
2019,Canada,1,G. Russell,20.493
2019,Canada,1,R. Kubica,20.708
2019,Canada,2,L. Hamilton,22.369
2019,Canada,2,C. Leclerc,22.418
2019,Canada,2,S. Vettel,22.427
2019,Canada,2,P. Gasly,22.569
2019,Canada,2,D. Ricciardo,22.613
2019,Canada,2,V. Bottas,22.618
2019,Canada,2,N. Hulkenberg,22.701
2019,Canada,2,M. Verstappen,22.727
2019,Canada,2,C. Sainz,22.871
2019,Canada,2,A. Albon,22.885
2019,Canada,2,L. Norris,22.897
2019,Canada,2,D. Kvyat,22.903
2019,Canada,2,K. Magnussen,22.91
2019,Canada,2,A. Giovinazzi,22.927
2019,Canada,2,S. Perez,22.945
2019,Canada,2,K. Raikkonen,22.961
2019,Canada,2,R. Grosjean,22.995
2019,Canada,2,L. Stroll,23.062
2019,Canada,2,G. Russell,23.386
2019,Canada,2,R. Kubica,23.772
2019,Canada,3,S. Vettel,28.449
2019,Canada,3,C. Leclerc,28.633
2019,Canada,3,L. Hamilton,28.683
2019,Canada,3,D. Ricciardo,28.766
2019,Canada,3,C. Sainz,28.78
2019,Canada,3,N. Hulkenberg,28.838
2019,Canada,3,L. Norris,28.88
2019,Canada,3,V. Bottas,28.903
2019,Canada,3,P. Gasly,28.906
2019,Canada,3,L. Stroll,28.937
2019,Canada,3,K. Magnussen,28.954
2019,Canada,3,A. Giovinazzi,28.958
2019,Canada,3,D. Kvyat,29.021
2019,Canada,3,M. Verstappen,29.043
2019,Canada,3,R. Grosjean,29.076
2019,Canada,3,K. Raikkonen,29.084
2019,Canada,3,A. Albon,29.085
2019,Canada,3,S. Perez,29.148
2019,Canada,3,G. Russell,29.624
2019,Canada,3,R. Kubica,29.913
2019,France,1,L. Hamilton,21.951
2019,France,1,V. Bottas,22.046
2019,France,1,C. Leclerc,22.184
2019,France,1,C. Sainz,22.254
2019,France,1,M. Verstappen,22.279
2019,France,1,L. Norris,22.369
2019,France,1,S. Vettel,22.37
2019,France,1,D. Ricciardo,22.514
2019,France,1,P. Gasly,22.523
2019,France,1,A. Albon,22.57
2019,France,1,N. Hulkenberg,22.61
2019,France,1,K. Raikkonen,22.651
2019,France,1,A. Giovinazzi,22.667
2019,France,1,K. Magnussen,22.791
2019,France,1,R. Grosjean,22.804
2019,France,1,S. Perez,22.815
2019,France,1,D. Kvyat,22.929
2019,France,1,L. Stroll,23.164
2019,France,1,G. Russell,23.22
2019,France,1,R. Kubica,23.566
2019,France,2,L. Hamilton,27.3
2019,France,2,S. Vettel,27.388
2019,France,2,C. Leclerc,27.434
2019,France,2,V. Bottas,27.493
2019,France,2,N. Hulkenberg,27.583
2019,France,2,D. Ricciardo,27.63
2019,France,2,L. Norris,27.631
2019,France,2,C. Sainz,27.648
2019,France,2,M. Verstappen,27.652
2019,France,2,A. Giovinazzi,27.745
2019,France,2,K. Raikkonen,27.754
2019,France,2,A. Albon,27.863
2019,France,2,P. Gasly,27.88
2019,France,2,K. Magnussen,27.921
2019,France,2,S. Perez,28.038
2019,France,2,L. Stroll,28.15
2019,France,2,R. Grosjean,28.183
2019,France,2,D. Kvyat,28.196
2019,France,2,G. Russell,28.491
2019,France,2,R. Kubica,28.649
2019,France,3,L. Hamilton,39.005
2019,France,3,V. Bottas,39.066
2019,France,3,C. Leclerc,39.215
2019,France,3,L. Norris,39.407
2019,France,3,M. Verstappen,39.455
2019,France,3,C. Sainz,39.611
2019,France,3,S. Vettel,39.675
2019,France,3,P. Gasly,39.685
2019,France,3,D. Ricciardo,39.725
2019,France,3,S. Perez,39.808
2019,France,3,A. Albon,39.857
2019,France,3,K. Raikkonen,39.94
2019,France,3,A. Giovinazzi,39.996
2019,France,3,K. Magnussen,40.105
2019,France,3,N. Hulkenberg,40.128
2019,France,3,L. Stroll,40.412
2019,France,3,D. Kvyat,40.439
2019,France,3,R. Grosjean,40.562
2019,France,3,R. Kubica,40.99
2019,France,3,G. Russell,41.078
2019,Austria,1,C. Leclerc,15.952
2019,Austria,1,S. Vettel,16.025
2019,Austria,1,L. Hamilton,16.071
2019,Austria,1,V. Bottas,16.099
2019,Austria,1,M. Verstappen,16.122
2019,Austria,1,A. Giovinazzi,16.13
2019,Austria,1,K. Raikkonen,16.152
2019,Austria,1,P. Gasly,16.16
2019,Austria,1,N. Hulkenberg,16.162
2019,Austria,1,L. Norris,16.193
2019,Austria,1,D. Ricciardo,16.206
2019,Austria,1,C. Sainz,16.218
2019,Austria,1,A. Albon,16.268
2019,Austria,1,L. Stroll,16.298
2019,Austria,1,S. Perez,16.322
2019,Austria,1,G. Russell,16.39
2019,Austria,1,D. Kvyat,16.406
2019,Austria,1,K. Magnussen,16.413
2019,Austria,1,R. Grosjean,16.442
2019,Austria,1,R. Kubica,16.715
2019,Austria,2,C. Leclerc,27.961
2019,Austria,2,L. Hamilton,28.104
2019,Austria,2,V. Bottas,28.126
2019,Austria,2,M. Verstappen,28.175
2019,Austria,2,K. Raikkonen,28.282
2019,Austria,2,S. Vettel,28.308
2019,Austria,2,P. Gasly,28.309
2019,Austria,2,K. Magnussen,28.35
2019,Austria,2,L. Norris,28.386
2019,Austria,2,A. Giovinazzi,28.469
2019,Austria,2,R. Grosjean,28.473
2019,Austria,2,A. Albon,28.523
2019,Austria,2,N. Hulkenberg,28.532
2019,Austria,2,D. Kvyat,28.561
2019,Austria,2,S. Perez,28.563
2019,Austria,2,C. Sainz,28.594
2019,Austria,2,L. Stroll,28.734
2019,Austria,2,D. Ricciardo,28.755
2019,Austria,2,G. Russell,29.306
2019,Austria,2,R. Kubica,29.344
2019,Austria,3,C. Leclerc,19.05
2019,Austria,3,L. Hamilton,19.087
2019,Austria,3,V. Bottas,19.137
2019,Austria,3,M. Verstappen,19.142
2019,Austria,3,K. Magnussen,19.278
2019,Austria,3,S. Vettel,19.334
2019,Austria,3,R. Grosjean,19.396
2019,Austria,3,A. Giovinazzi,19.404
2019,Austria,3,P. Gasly,19.455
2019,Austria,3,L. Norris,19.484
2019,Austria,3,K. Raikkonen,19.522
2019,Austria,3,C. Sainz,19.608
2019,Austria,3,D. Ricciardo,19.686
2019,Austria,3,N. Hulkenberg,19.699
2019,Austria,3,A. Albon,19.751
2019,Austria,3,L. Stroll,19.8
2019,Austria,3,S. Perez,19.838
2019,Austria,3,D. Kvyat,19.992
2019,Austria,3,R. Kubica,20.14
2019,Austria,3,G. Russell,20.15
2019,Great-Britain,1,C. Leclerc,27.366
2019,Great-Britain,1,L. Hamilton,27.449
2019,Great-Britain,1,V. Bottas,27.466
2019,Great-Britain,1,N. Hulkenberg,27.495
2019,Great-Britain,1,M. Verstappen,27.507
2019,Great-Britain,1,S. Vettel,27.546
2019,Great-Britain,1,P. Gasly,27.55
2019,Great-Britain,1,D. Ricciardo,27.571
2019,Great-Britain,1,K. Raikkonen,27.662
2019,Great-Britain,1,L. Stroll,27.678
2019,Great-Britain,1,C. Sainz,27.718
2019,Great-Britain,1,A. Albon,27.734
2019,Great-Britain,1,L. Norris,27.756
2019,Great-Britain,1,A. Giovinazzi,27.78
2019,Great-Britain,1,S. Perez,27.788
2019,Great-Britain,1,R. Grosjean,27.836
2019,Great-Britain,1,D. Kvyat,27.847
2019,Great-Britain,1,K. Magnussen,27.892
2019,Great-Britain,1,G. Russell,28.154
2019,Great-Britain,1,R. Kubica,28.268
2019,Great-Britain,2,V. Bottas,34.408
2019,Great-Britain,2,L. Hamilton,34.486
2019,Great-Britain,2,C. Leclerc,34.487
2019,Great-Britain,2,M. Verstappen,34.516
2019,Great-Britain,2,P. Gasly,34.652
2019,Great-Britain,2,S. Vettel,34.748
2019,Great-Britain,2,R. Grosjean,34.851
2019,Great-Britain,2,L. Norris,34.932
2019,Great-Britain,2,C. Sainz,34.96
2019,Great-Britain,2,A. Albon,34.987
2019,Great-Britain,2,D. Ricciardo,35.051
2019,Great-Britain,2,S. Perez,35.067
2019,Great-Britain,2,N. Hulkenberg,35.115
2019,Great-Britain,2,A. Giovinazzi,35.143
2019,Great-Britain,2,K. Magnussen,35.157
2019,Great-Britain,2,K. Raikkonen,35.18
2019,Great-Britain,2,D. Kvyat,35.181
2019,Great-Britain,2,L. Stroll,35.246
2019,Great-Britain,2,G. Russell,35.725
2019,Great-Britain,2,R. Kubica,35.894
2019,Great-Britain,3,L. Hamilton,23.07
2019,Great-Britain,3,V. Bottas,23.171
2019,Great-Britain,3,M. Verstappen,23.253
2019,Great-Britain,3,C. Leclerc,23.284
2019,Great-Britain,3,P. Gasly,23.294
2019,Great-Britain,3,L. Norris,23.349
2019,Great-Britain,3,S. Vettel,23.39
2019,Great-Britain,3,C. Sainz,23.423
2019,Great-Britain,3,A. Giovinazzi,23.452
2019,Great-Britain,3,R. Grosjean,23.492
2019,Great-Britain,3,A. Albon,23.506
2019,Great-Britain,3,D. Ricciardo,23.523
2019,Great-Britain,3,K. Magnussen,23.531
2019,Great-Britain,3,K. Raikkonen,23.594
2019,Great-Britain,3,N. Hulkenberg,23.599
2019,Great-Britain,3,D. Kvyat,23.632
2019,Great-Britain,3,L. Stroll,23.69
2019,Great-Britain,3,S. Perez,23.754
2019,Great-Britain,3,G. Russell,23.886
2019,Great-Britain,3,R. Kubica,23.996
2019,Germany,1,S. Vettel,0
2019,Germany,1,L. Hamilton,15.411
2019,Germany,1,M. Verstappen,15.444
2019,Germany,1,P. Gasly,15.458
2019,Germany,1,V. Bottas,15.494
2019,Germany,1,C. Leclerc,15.597
2019,Germany,1,C. Sainz,15.658
2019,Germany,1,D. Ricciardo,15.664
2019,Germany,1,K. Raikkonen,15.689
2019,Germany,1,A. Giovinazzi,15.71
2019,Germany,1,L. Stroll,15.712
2019,Germany,1,N. Hulkenberg,15.718
2019,Germany,1,K. Magnussen,15.73
2019,Germany,1,R. Grosjean,15.736
2019,Germany,1,L. Norris,15.762
2019,Germany,1,S. Perez,15.763
2019,Germany,1,D. Kvyat,15.791
2019,Germany,1,A. Albon,15.816
2019,Germany,1,G. Russell,16.176
2019,Germany,1,R. Kubica,16.2
2019,Germany,2,C. Leclerc,34.515
2019,Germany,2,K. Raikkonen,34.545
2019,Germany,2,L. Hamilton,34.572
2019,Germany,2,S. Perez,34.579
2019,Germany,2,V. Bottas,34.701
2019,Germany,2,M. Verstappen,34.713
2019,Germany,2,P. Gasly,34.715
2019,Germany,2,A. Giovinazzi,34.777
2019,Germany,2,N. Hulkenberg,34.824
2019,Germany,2,D. Ricciardo,34.836
2019,Germany,2,R. Grosjean,34.877
2019,Germany,2,C. Sainz,34.886
2019,Germany,2,L. Stroll,34.886
2019,Germany,2,K. Magnussen,35.001
2019,Germany,2,D. Kvyat,35.039
2019,Germany,2,L. Norris,35.279
2019,Germany,2,A. Albon,35.341
2019,Germany,2,R. Kubica,35.548
2019,Germany,2,G. Russell,35.64
2019,Germany,2,S. Vettel,57.411
2019,Germany,3,S. Vettel,0
2019,Germany,3,L. Hamilton,21.665
2019,Germany,3,M. Verstappen,21.859
2019,Germany,3,V. Bottas,21.909
2019,Germany,3,P. Gasly,21.954
2019,Germany,3,K. Magnussen,21.985
2019,Germany,3,R. Grosjean,22.027
2019,Germany,3,C. Leclerc,22.033
2019,Germany,3,N. Hulkenberg,22.067
2019,Germany,3,C. Sainz,22.069
2019,Germany,3,K. Raikkonen,22.183
2019,Germany,3,D. Ricciardo,22.184
2019,Germany,3,D. Kvyat,22.248
2019,Germany,3,A. Giovinazzi,22.249
2019,Germany,3,L. Norris,22.261
2019,Germany,3,S. Perez,22.277
2019,Germany,3,A. Albon,22.292
2019,Germany,3,L. Stroll,22.548
2019,Germany,3,G. Russell,22.81
2019,Germany,3,R. Kubica,22.841
2019,Hungary,1,S. Vettel,26.918
2019,Hungary,1,C. Leclerc,27.036
2019,Hungary,1,V. Bottas,27.079
2019,Hungary,1,M. Verstappen,27.095
2019,Hungary,1,L. Hamilton,27.228
2019,Hungary,1,C. Sainz,27.279
2019,Hungary,1,L. Norris,27.284
2019,Hungary,1,P. Gasly,27.33
2019,Hungary,1,K. Raikkonen,27.361
2019,Hungary,1,N. Hulkenberg,27.422
2019,Hungary,1,R. Grosjean,27.457
2019,Hungary,1,K. Magnussen,27.525
2019,Hungary,1,A. Giovinazzi,27.526
2019,Hungary,1,A. Albon,27.554
2019,Hungary,1,D. Kvyat,27.626
2019,Hungary,1,L. Stroll,27.666
2019,Hungary,1,S. Perez,27.674
2019,Hungary,1,D. Ricciardo,27.807
2019,Hungary,1,G. Russell,27.827
2019,Hungary,1,R. Kubica,28.026
2019,Hungary,2,V. Bottas,26.411
2019,Hungary,2,M. Verstappen,26.456
2019,Hungary,2,L. Hamilton,26.488
2019,Hungary,2,C. Leclerc,26.553
2019,Hungary,2,S. Vettel,26.793
2019,Hungary,2,P. Gasly,26.809
2019,Hungary,2,K. Magnussen,26.813
2019,Hungary,2,R. Grosjean,26.861
2019,Hungary,2,L. Norris,26.905
2019,Hungary,2,C. Sainz,27.013
2019,Hungary,2,D. Kvyat,27.085
2019,Hungary,2,K. Raikkonen,27.107
2019,Hungary,2,G. Russell,27.147
2019,Hungary,2,A. Albon,27.191
2019,Hungary,2,A. Giovinazzi,27.276
2019,Hungary,2,N. Hulkenberg,27.333
2019,Hungary,2,D. Ricciardo,27.404
2019,Hungary,2,S. Perez,27.478
2019,Hungary,2,L. Stroll,27.723
2019,Hungary,2,R. Kubica,27.896
2019,Hungary,3,M. Verstappen,21.021
2019,Hungary,3,L. Hamilton,21.053
2019,Hungary,3,V. Bottas,21.1
2019,Hungary,3,P. Gasly,21.169
2019,Hungary,3,S. Vettel,21.36
2019,Hungary,3,C. Leclerc,21.454
2019,Hungary,3,C. Sainz,21.56
2019,Hungary,3,L. Norris,21.565
2019,Hungary,3,K. Raikkonen,21.571
2019,Hungary,3,R. Grosjean,21.66
2019,Hungary,3,N. Hulkenberg,21.663
2019,Hungary,3,K. Magnussen,21.756
2019,Hungary,3,A. Albon,21.796
2019,Hungary,3,D. Kvyat,21.843
2019,Hungary,3,A. Giovinazzi,21.849
2019,Hungary,3,S. Perez,21.957
2019,Hungary,3,D. Ricciardo,21.962
2019,Hungary,3,G. Russell,22.057
2019,Hungary,3,L. Stroll,22.1
2019,Hungary,3,R. Kubica,22.39
2019,Belgium,1,S. Vettel,29.897
2019,Belgium,1,C. Leclerc,29.904
2019,Belgium,1,D. Ricciardo,30.376
2019,Belgium,1,N. Hulkenberg,30.379
2019,Belgium,1,K. Magnussen,30.45
2019,Belgium,1,S. Perez,30.48
2019,Belgium,1,L. Hamilton,30.498
2019,Belgium,1,K. Raikkonen,30.515
2019,Belgium,1,R. Grosjean,30.536
2019,Belgium,1,L. Stroll,30.567
2019,Belgium,1,M. Verstappen,30.684
2019,Belgium,1,L. Norris,30.72
2019,Belgium,1,A. Giovinazzi,30.766
2019,Belgium,1,V. Bottas,30.767
2019,Belgium,1,A. Albon,30.787
2019,Belgium,1,C. Sainz,31.194
2019,Belgium,1,P. Gasly,31.305
2019,Belgium,1,G. Russell,31.465
2019,Belgium,1,D. Kvyat,31.469
2019,Belgium,1,R. Kubica,31.722
2019,Belgium,2,L. Hamilton,43.97
2019,Belgium,2,V. Bottas,44.078
2019,Belgium,2,C. Leclerc,44.319
2019,Belgium,2,S. Vettel,44.357
2019,Belgium,2,M. Verstappen,44.395
2019,Belgium,2,A. Albon,44.852
2019,Belgium,2,K. Raikkonen,44.936
2019,Belgium,2,D. Ricciardo,45.206
2019,Belgium,2,N. Hulkenberg,45.338
2019,Belgium,2,K. Magnussen,45.4
2019,Belgium,2,L. Norris,45.461
2019,Belgium,2,S. Perez,45.463
2019,Belgium,2,R. Grosjean,45.504
2019,Belgium,2,P. Gasly,45.661
2019,Belgium,2,L. Stroll,45.713
2019,Belgium,2,A. Giovinazzi,45.824
2019,Belgium,2,D. Kvyat,45.853
2019,Belgium,2,C. Sainz,46.351
2019,Belgium,2,G. Russell,46.6
2019,Belgium,2,R. Kubica,46.81
2019,Belgium,3,C. Leclerc,28.193
2019,Belgium,3,S. Vettel,28.375
2019,Belgium,3,D. Ricciardo,28.404
2019,Belgium,3,N. Hulkenberg,28.488
2019,Belgium,3,V. Bottas,28.57
2019,Belgium,3,L. Hamilton,28.586
2019,Belgium,3,M. Verstappen,28.611
2019,Belgium,3,K. Raikkonen,28.62
2019,Belgium,3,L. Norris,28.666
2019,Belgium,3,S. Perez,28.678
2019,Belgium,3,R. Grosjean,28.757
2019,Belgium,3,L. Stroll,28.767
2019,Belgium,3,A. Giovinazzi,28.822
2019,Belgium,3,K. Magnussen,28.888
2019,Belgium,3,C. Sainz,28.962
2019,Belgium,3,A. Albon,28.97
2019,Belgium,3,D. Kvyat,29.196
2019,Belgium,3,P. Gasly,29.469
2019,Belgium,3,G. Russell,29.483
2019,Belgium,3,R. Kubica,38.318
2019,Italy,1,C. Leclerc,26.469
2019,Italy,1,S. Vettel,26.565
2019,Italy,1,D. Ricciardo,26.589
2019,Italy,1,L. Stroll,26.652
2019,Italy,1,N. Hulkenberg,26.676
2019,Italy,1,L. Hamilton,26.702
2019,Italy,1,K. Raikkonen,26.702
2019,Italy,1,A. Giovinazzi,26.714
2019,Italy,1,A. Albon,26.743
2019,Italy,1,K. Magnussen,26.77
2019,Italy,1,V. Bottas,26.795
2019,Italy,1,C. Sainz,26.807
2019,Italy,1,R. Grosjean,26.858
2019,Italy,1,L. Norris,26.965
2019,Italy,1,S. Perez,26.992
2019,Italy,1,D. Kvyat,27.022
2019,Italy,1,P. Gasly,27.05
2019,Italy,1,G. Russell,27.313
2019,Italy,1,R. Kubica,27.366
2019,Italy,1,M. Verstappen,29.06
2019,Italy,2,V. Bottas,26.152
2019,Italy,2,L. Hamilton,26.203
2019,Italy,2,S. Vettel,26.33
2019,Italy,2,C. Leclerc,26.412
2019,Italy,2,A. Albon,26.499
2019,Italy,2,P. Gasly,26.507
2019,Italy,2,D. Ricciardo,26.592
2019,Italy,2,N. Hulkenberg,26.67
2019,Italy,2,D. Kvyat,26.736
2019,Italy,2,C. Sainz,26.746
2019,Italy,2,K. Raikkonen,26.885
2019,Italy,2,L. Norris,26.895
2019,Italy,2,A. Giovinazzi,26.961
2019,Italy,2,K. Magnussen,26.987
2019,Italy,2,R. Grosjean,27.077
2019,Italy,2,L. Stroll,27.078
2019,Italy,2,G. Russell,27.198
2019,Italy,2,R. Kubica,27.421
2019,Italy,2,S. Perez,27.431
2019,Italy,2,M. Verstappen,36.435
2019,Italy,3,L. Hamilton,26.264
2019,Italy,3,A. Albon,26.391
2019,Italy,3,S. Vettel,26.393
2019,Italy,3,V. Bottas,26.407
2019,Italy,3,C. Leclerc,26.426
2019,Italy,3,D. Ricciardo,26.573
2019,Italy,3,C. Sainz,26.58
2019,Italy,3,K. Raikkonen,26.614
2019,Italy,3,N. Hulkenberg,26.629
2019,Italy,3,D. Kvyat,26.637
2019,Italy,3,L. Stroll,26.673
2019,Italy,3,K. Magnussen,26.738
2019,Italy,3,A. Giovinazzi,26.758
2019,Italy,3,L. Norris,26.786
2019,Italy,3,P. Gasly,26.807
2019,Italy,3,R. Grosjean,26.849
2019,Italy,3,S. Perez,26.868
2019,Italy,3,G. Russell,27.252
2019,Italy,3,R. Kubica,27.569
2019,Italy,3,M. Verstappen,31.98
2019,Singapore,1,C. Leclerc,26.211
2019,Singapore,1,S. Vettel,26.334
2019,Singapore,1,L. Hamilton,26.442
2019,Singapore,1,V. Bottas,26.5
2019,Singapore,1,M. Verstappen,26.664
2019,Singapore,1,C. Sainz,26.707
2019,Singapore,1,L. Norris,26.756
2019,Singapore,1,A. Albon,26.801
2019,Singapore,1,D. Ricciardo,26.91
2019,Singapore,1,N. Hulkenberg,26.937
2019,Singapore,1,A. Giovinazzi,26.959
2019,Singapore,1,S. Perez,27.036
2019,Singapore,1,K. Magnussen,27.057
2019,Singapore,1,K. Raikkonen,27.118
2019,Singapore,1,P. Gasly,27.201
2019,Singapore,1,L. Stroll,27.23
2019,Singapore,1,R. Grosjean,27.256
2019,Singapore,1,D. Kvyat,27.51
2019,Singapore,1,G. Russell,27.513
2019,Singapore,1,R. Kubica,27.593
2019,Singapore,2,S. Vettel,37.089
2019,Singapore,2,C. Leclerc,37.127
2019,Singapore,2,L. Hamilton,37.132
2019,Singapore,2,M. Verstappen,37.174
2019,Singapore,2,V. Bottas,37.294
2019,Singapore,2,A. Albon,37.513
2019,Singapore,2,C. Sainz,37.557
2019,Singapore,2,L. Norris,37.617
2019,Singapore,2,D. Ricciardo,37.637
2019,Singapore,2,N. Hulkenberg,37.723
2019,Singapore,2,P. Gasly,37.876
2019,Singapore,2,K. Raikkonen,37.911
2019,Singapore,2,A. Giovinazzi,37.967
2019,Singapore,2,S. Perez,38.021
2019,Singapore,2,K. Magnussen,38.392
2019,Singapore,2,L. Stroll,38.477
2019,Singapore,2,D. Kvyat,38.604
2019,Singapore,2,R. Grosjean,38.647
2019,Singapore,2,G. Russell,38.957
2019,Singapore,2,R. Kubica,39.054
2019,Singapore,3,L. Hamilton,32.834
2019,Singapore,3,M. Verstappen,32.859
2019,Singapore,3,C. Leclerc,32.879
2019,Singapore,3,V. Bottas,32.988
2019,Singapore,3,S. Vettel,33.014
2019,Singapore,3,A. Albon,33.097
2019,Singapore,3,L. Norris,33.199
2019,Singapore,3,P. Gasly,33.434
2019,Singapore,3,C. Sainz,33.486
2019,Singapore,3,S. Perez,33.515
2019,Singapore,3,D. Ricciardo,33.548
2019,Singapore,3,N. Hulkenberg,33.604
2019,Singapore,3,A. Giovinazzi,33.75
2019,Singapore,3,D. Kvyat,33.809
2019,Singapore,3,K. Raikkonen,33.822
2019,Singapore,3,K. Magnussen,33.998
2019,Singapore,3,L. Stroll,34.123
2019,Singapore,3,R. Grosjean,34.235
2019,Singapore,3,G. Russell,34.386
2019,Singapore,3,R. Kubica,34.539
2019,Russia,1,C. Leclerc,33.333
2019,Russia,1,S. Vettel,33.433
2019,Russia,1,M. Verstappen,33.68
2019,Russia,1,V. Bottas,33.749
2019,Russia,1,L. Hamilton,33.807
2019,Russia,1,K. Magnussen,33.924
2019,Russia,1,R. Grosjean,33.986
2019,Russia,1,S. Perez,34.064
2019,Russia,1,N. Hulkenberg,34.072
2019,Russia,1,L. Stroll,34.073
2019,Russia,1,L. Norris,34.099
2019,Russia,1,A. Giovinazzi,34.115
2019,Russia,1,D. Ricciardo,34.129
2019,Russia,1,C. Sainz,34.138
2019,Russia,1,K. Raikkonen,34.173
2019,Russia,1,A. Albon,34.223
2019,Russia,1,P. Gasly,34.351
2019,Russia,1,G. Russell,34.423
2019,Russia,1,R. Kubica,34.886
2019,Russia,2,C. Leclerc,31.319
2019,Russia,2,S. Vettel,31.506
2019,Russia,2,L. Hamilton,31.518
2019,Russia,2,V. Bottas,31.559
2019,Russia,2,M. Verstappen,31.641
2019,Russia,2,C. Sainz,31.815
2019,Russia,2,L. Norris,31.909
2019,Russia,2,N. Hulkenberg,31.984
2019,Russia,2,K. Magnussen,32.065
2019,Russia,2,A. Albon,32.098
2019,Russia,2,R. Grosjean,32.099
2019,Russia,2,P. Gasly,32.123
2019,Russia,2,D. Ricciardo,32.17
2019,Russia,2,S. Perez,32.25
2019,Russia,2,A. Giovinazzi,32.266
2019,Russia,2,L. Stroll,32.276
2019,Russia,2,K. Raikkonen,32.365
2019,Russia,2,G. Russell,32.681
2019,Russia,2,R. Kubica,33.087
2019,Russia,3,L. Hamilton,26.705
2019,Russia,3,C. Leclerc,26.939
2019,Russia,3,M. Verstappen,26.989
2019,Russia,3,S. Vettel,27.056
2019,Russia,3,N. Hulkenberg,27.183
2019,Russia,3,V. Bottas,27.191
2019,Russia,3,C. Sainz,27.269
2019,Russia,3,L. Norris,27.293
2019,Russia,3,D. Ricciardo,27.362
2019,Russia,3,R. Grosjean,27.409
2019,Russia,3,P. Gasly,27.476
2019,Russia,3,S. Perez,27.592
2019,Russia,3,A. Giovinazzi,27.656
2019,Russia,3,L. Stroll,27.729
2019,Russia,3,K. Magnussen,27.768
2019,Russia,3,K. Raikkonen,28.052
2019,Russia,3,G. Russell,28.252
2019,Russia,3,R. Kubica,28.45
2019,Russia,3,A. Albon,32.506
2019,Japan,1,R. Kubica,0
2019,Japan,1,S. Vettel,30.256
2019,Japan,1,C. Leclerc,30.366
2019,Japan,1,M. Verstappen,30.441
2019,Japan,1,V. Bottas,30.462
2019,Japan,1,L. Hamilton,30.483
2019,Japan,1,A. Albon,30.545
2019,Japan,1,L. Norris,30.631
2019,Japan,1,C. Sainz,30.694
2019,Japan,1,P. Gasly,30.87
2019,Japan,1,R. Grosjean,30.871
2019,Japan,1,A. Giovinazzi,31.015
2019,Japan,1,D. Kvyat,31.132
2019,Japan,1,K. Raikkonen,31.138
2019,Japan,1,K. Magnussen,31.236
2019,Japan,1,L. Stroll,31.257
2019,Japan,1,N. Hulkenberg,31.281
2019,Japan,1,S. Perez,31.474
2019,Japan,1,G. Russell,31.5
2019,Japan,1,D. Ricciardo,31.655
2019,Japan,2,C. Leclerc,39.346
2019,Japan,2,S. Vettel,39.372
2019,Japan,2,V. Bottas,39.502
2019,Japan,2,L. Hamilton,39.524
2019,Japan,2,A. Albon,39.634
2019,Japan,2,M. Verstappen,39.8
2019,Japan,2,C. Sainz,40.073
2019,Japan,2,L. Norris,40.077
2019,Japan,2,P. Gasly,40.12
2019,Japan,2,R. Grosjean,40.38
2019,Japan,2,L. Stroll,40.432
2019,Japan,2,D. Kvyat,40.438
2019,Japan,2,D. Ricciardo,40.456
2019,Japan,2,K. Raikkonen,40.456
2019,Japan,2,A. Giovinazzi,40.497
2019,Japan,2,N. Hulkenberg,40.655
2019,Japan,2,K. Magnussen,40.656
2019,Japan,2,G. Russell,40.698
2019,Japan,2,S. Perez,40.939
2019,Japan,2,R. Kubica,47.866
2019,Japan,3,R. Kubica,0
2019,Japan,3,L. Hamilton,17.295
2019,Japan,3,S. Vettel,17.318
2019,Japan,3,V. Bottas,17.329
2019,Japan,3,C. Leclerc,17.361
2019,Japan,3,C. Sainz,17.537
2019,Japan,3,M. Verstappen,17.549
2019,Japan,3,L. Norris,17.592
2019,Japan,3,P. Gasly,17.601
2019,Japan,3,A. Albon,17.618
2019,Japan,3,L. Stroll,17.656
2019,Japan,3,A. Giovinazzi,17.668
2019,Japan,3,K. Raikkonen,17.677
2019,Japan,3,R. Grosjean,17.678
2019,Japan,3,N. Hulkenberg,17.683
2019,Japan,3,D. Ricciardo,17.69
2019,Japan,3,S. Perez,17.706
2019,Japan,3,D. Kvyat,17.801
2019,Japan,3,G. Russell,18.159
2019,Japan,3,K. Magnussen,26.875
2019,Mexico,1,S. Vettel,26.528
2019,Mexico,1,C. Leclerc,26.625
2019,Mexico,1,M. Verstappen,26.732
2019,Mexico,1,V. Bottas,26.923
2019,Mexico,1,A. Albon,26.96
2019,Mexico,1,L. Hamilton,26.965
2019,Mexico,1,C. Sainz,27.086
2019,Mexico,1,P. Gasly,27.12
2019,Mexico,1,L. Norris,27.173
2019,Mexico,1,D. Ricciardo,27.235
2019,Mexico,1,N. Hulkenberg,27.249
2019,Mexico,1,K. Raikkonen,27.255
2019,Mexico,1,L. Stroll,27.263
2019,Mexico,1,S. Perez,27.264
2019,Mexico,1,A. Giovinazzi,27.274
2019,Mexico,1,D. Kvyat,27.284
2019,Mexico,1,K. Magnussen,27.404
2019,Mexico,1,R. Grosjean,27.58
2019,Mexico,1,G. Russell,27.69
2019,Mexico,1,R. Kubica,27.811
2019,Mexico,2,M. Verstappen,28.586
2019,Mexico,2,L. Hamilton,28.611
2019,Mexico,2,V. Bottas,28.664
2019,Mexico,2,C. Leclerc,28.787
2019,Mexico,2,S. Vettel,28.789
2019,Mexico,2,A. Albon,28.82
2019,Mexico,2,C. Sainz,29.056
2019,Mexico,2,L. Norris,29.212
2019,Mexico,2,D. Kvyat,29.233
2019,Mexico,2,P. Gasly,29.486
2019,Mexico,2,S. Perez,29.529
2019,Mexico,2,N. Hulkenberg,29.593
2019,Mexico,2,D. Ricciardo,29.658
2019,Mexico,2,K. Raikkonen,29.723
2019,Mexico,2,A. Giovinazzi,29.791
2019,Mexico,2,L. Stroll,30.15
2019,Mexico,2,G. Russell,30.438
2019,Mexico,2,R. Grosjean,30.491
2019,Mexico,2,K. Magnussen,30.508
2019,Mexico,2,R. Kubica,31.501
2019,Mexico,3,M. Verstappen,19.44
2019,Mexico,3,V. Bottas,19.478
2019,Mexico,3,L. Hamilton,19.486
2019,Mexico,3,C. Leclerc,19.523
2019,Mexico,3,A. Albon,19.537
2019,Mexico,3,S. Vettel,19.675
2019,Mexico,3,C. Sainz,19.872
2019,Mexico,3,L. Norris,19.889
2019,Mexico,3,S. Perez,19.894
2019,Mexico,3,D. Kvyat,19.9
2019,Mexico,3,P. Gasly,19.94
2019,Mexico,3,N. Hulkenberg,19.959
2019,Mexico,3,D. Ricciardo,19.966
2019,Mexico,3,K. Raikkonen,19.989
2019,Mexico,3,A. Giovinazzi,20.093
2019,Mexico,3,L. Stroll,20.343
2019,Mexico,3,R. Grosjean,20.478
2019,Mexico,3,K. Magnussen,20.524
2019,Mexico,3,G. Russell,20.621
2019,Mexico,3,R. Kubica,20.743
2019,United-States,1,C. Leclerc,24.518
2019,United-States,1,S. Vettel,24.611
2019,United-States,1,L. Hamilton,24.632
2019,United-States,1,M. Verstappen,24.646
2019,United-States,1,V. Bottas,24.719
2019,United-States,1,A. Albon,24.758
2019,United-States,1,K. Magnussen,24.93
2019,United-States,1,L. Norris,24.945
2019,United-States,1,C. Sainz,24.974
2019,United-States,1,P. Gasly,25.031
2019,United-States,1,K. Raikkonen,25.103
2019,United-States,1,D. Ricciardo,25.111
2019,United-States,1,R. Grosjean,25.117
2019,United-States,1,L. Stroll,25.149
2019,United-States,1,D. Kvyat,25.155
2019,United-States,1,A. Giovinazzi,25.264
2019,United-States,1,G. Russell,25.359
2019,United-States,1,N. Hulkenberg,25.38
2019,United-States,1,S. Perez,25.659
2019,United-States,1,R. Kubica,25.839
2019,United-States,2,V. Bottas,36.718
2019,United-States,2,S. Vettel,36.765
2019,United-States,2,L. Hamilton,36.866
2019,United-States,2,C. Leclerc,36.959
2019,United-States,2,M. Verstappen,36.968
2019,United-States,2,A. Albon,37.071
2019,United-States,2,C. Sainz,37.104
2019,United-States,2,L. Norris,37.195
2019,United-States,2,D. Ricciardo,37.275
2019,United-States,2,P. Gasly,37.282
2019,United-States,2,A. Giovinazzi,37.334
2019,United-States,2,D. Kvyat,37.346
2019,United-States,2,K. Magnussen,37.392
2019,United-States,2,N. Hulkenberg,37.428
2019,United-States,2,L. Stroll,37.457
2019,United-States,2,R. Grosjean,37.622
2019,United-States,2,K. Raikkonen,37.8
2019,United-States,2,S. Perez,38.011
2019,United-States,2,G. Russell,38.088
2019,United-States,2,R. Kubica,38.299
2019,United-States,3,M. Verstappen,30.422
2019,United-States,3,V. Bottas,30.553
2019,United-States,3,C. Leclerc,30.574
2019,United-States,3,A. Albon,30.609
2019,United-States,3,S. Vettel,30.648
2019,United-States,3,C. Sainz,30.745
2019,United-States,3,L. Hamilton,30.803
2019,United-States,3,L. Norris,30.868
2019,United-States,3,D. Ricciardo,30.965
2019,United-States,3,N. Hulkenberg,31.007
2019,United-States,3,P. Gasly,31.074
2019,United-States,3,L. Stroll,31.262
2019,United-States,3,D. Kvyat,31.265
2019,United-States,3,R. Grosjean,31.282
2019,United-States,3,K. Magnussen,31.414
2019,United-States,3,K. Raikkonen,31.466
2019,United-States,3,A. Giovinazzi,31.628
2019,United-States,3,R. Kubica,31.72
2019,United-States,3,G. Russell,31.811
2019,United-States,3,S. Perez,32.138
2019,Brazil,1,C. Leclerc,17.417
2019,Brazil,1,M. Verstappen,17.425
2019,Brazil,1,S. Vettel,17.462
2019,Brazil,1,L. Hamilton,17.532
2019,Brazil,1,V. Bottas,17.621
2019,Brazil,1,A. Albon,17.631
2019,Brazil,1,L. Norris,17.717
2019,Brazil,1,C. Sainz,17.728
2019,Brazil,1,K. Raikkonen,17.731
2019,Brazil,1,A. Giovinazzi,17.754
2019,Brazil,1,K. Magnussen,17.756
2019,Brazil,1,P. Gasly,17.773
2019,Brazil,1,R. Grosjean,17.786
2019,Brazil,1,D. Ricciardo,17.799
2019,Brazil,1,S. Perez,17.822
2019,Brazil,1,N. Hulkenberg,17.857
2019,Brazil,1,D. Kvyat,17.899
2019,Brazil,1,L. Stroll,17.926
2019,Brazil,1,G. Russell,18.093
2019,Brazil,1,R. Kubica,18.199
2019,Brazil,2,M. Verstappen,34.195
2019,Brazil,2,L. Hamilton,34.248
2019,Brazil,2,C. Leclerc,34.265
2019,Brazil,2,V. Bottas,34.33
2019,Brazil,2,S. Vettel,34.346
2019,Brazil,2,A. Albon,34.384
2019,Brazil,2,R. Grosjean,34.83
2019,Brazil,2,K. Magnussen,34.932
2019,Brazil,2,P. Gasly,34.955
2019,Brazil,2,N. Hulkenberg,34.973
2019,Brazil,2,D. Ricciardo,35.052
2019,Brazil,2,L. Norris,35.052
2019,Brazil,2,S. Perez,35.094
2019,Brazil,2,K. Raikkonen,35.122
2019,Brazil,2,A. Giovinazzi,35.205
2019,Brazil,2,D. Kvyat,35.227
2019,Brazil,2,L. Stroll,35.393
2019,Brazil,2,C. Sainz,35.553
2019,Brazil,2,G. Russell,35.669
2019,Brazil,2,R. Kubica,36.119
2019,Brazil,3,C. Leclerc,15.804
2019,Brazil,3,V. Bottas,15.817
2019,Brazil,3,L. Hamilton,15.819
2019,Brazil,3,S. Vettel,15.823
2019,Brazil,3,M. Verstappen,15.827
2019,Brazil,3,A. Albon,15.897
2019,Brazil,3,P. Gasly,15.915
2019,Brazil,3,A. Giovinazzi,15.96
2019,Brazil,3,K. Raikkonen,15.973
2019,Brazil,3,D. Ricciardo,15.982
2019,Brazil,3,L. Norris,15.987
2019,Brazil,3,N. Hulkenberg,16.024
2019,Brazil,3,S. Perez,16.028
2019,Brazil,3,K. Magnussen,16.065
2019,Brazil,3,R. Grosjean,16.089
2019,Brazil,3,D. Kvyat,16.093
2019,Brazil,3,L. Stroll,16.203
2019,Brazil,3,G. Russell,16.229
2019,Brazil,3,R. Kubica,16.266
2019,Brazil,3,C. Sainz,18.929
2019,Abu-Dhabi,1,S. Vettel,16.782
2019,Abu-Dhabi,1,C. Leclerc,16.804
2019,Abu-Dhabi,1,L. Hamilton,16.903
2019,Abu-Dhabi,1,V. Bottas,16.964
2019,Abu-Dhabi,1,M. Verstappen,16.967
2019,Abu-Dhabi,1,A. Albon,17.06
2019,Abu-Dhabi,1,C. Sainz,17.089
2019,Abu-Dhabi,1,D. Ricciardo,17.103
2019,Abu-Dhabi,1,L. Norris,17.116
2019,Abu-Dhabi,1,N. Hulkenberg,17.121
2019,Abu-Dhabi,1,S. Perez,17.157
2019,Abu-Dhabi,1,K. Magnussen,17.174
2019,Abu-Dhabi,1,L. Stroll,17.184
2019,Abu-Dhabi,1,P. Gasly,17.192
2019,Abu-Dhabi,1,D. Kvyat,17.248
2019,Abu-Dhabi,1,A. Giovinazzi,17.288
2019,Abu-Dhabi,1,R. Grosjean,17.339
2019,Abu-Dhabi,1,K. Raikkonen,17.348
2019,Abu-Dhabi,1,G. Russell,17.39
2019,Abu-Dhabi,1,R. Kubica,17.466
2019,Abu-Dhabi,2,S. Vettel,40.488
2019,Abu-Dhabi,2,C. Leclerc,40.521
2019,Abu-Dhabi,2,L. Hamilton,40.561
2019,Abu-Dhabi,2,M. Verstappen,40.648
2019,Abu-Dhabi,2,V. Bottas,40.672
2019,Abu-Dhabi,2,C. Sainz,40.835
2019,Abu-Dhabi,2,A. Albon,40.9
2019,Abu-Dhabi,2,L. Norris,41.086
2019,Abu-Dhabi,2,D. Ricciardo,41.09
2019,Abu-Dhabi,2,N. Hulkenberg,41.123
2019,Abu-Dhabi,2,S. Perez,41.195
2019,Abu-Dhabi,2,L. Stroll,41.219
2019,Abu-Dhabi,2,K. Magnussen,41.26
2019,Abu-Dhabi,2,D. Kvyat,41.306
2019,Abu-Dhabi,2,P. Gasly,41.392
2019,Abu-Dhabi,2,R. Grosjean,41.623
2019,Abu-Dhabi,2,K. Raikkonen,41.675
2019,Abu-Dhabi,2,A. Giovinazzi,41.731
2019,Abu-Dhabi,2,G. Russell,41.816
2019,Abu-Dhabi,2,R. Kubica,42.142
2019,Abu-Dhabi,3,L. Hamilton,37.235
2019,Abu-Dhabi,3,V. Bottas,37.322
2019,Abu-Dhabi,3,M. Verstappen,37.349
2019,Abu-Dhabi,3,A. Albon,37.677
2019,Abu-Dhabi,3,C. Leclerc,37.871
2019,Abu-Dhabi,3,S. Vettel,37.99
2019,Abu-Dhabi,3,L. Norris,38.234
2019,Abu-Dhabi,3,D. Ricciardo,38.263
2019,Abu-Dhabi,3,C. Sainz,38.313
2019,Abu-Dhabi,3,D. Kvyat,38.445
2019,Abu-Dhabi,3,P. Gasly,38.446
2019,Abu-Dhabi,3,N. Hulkenberg,38.466
2019,Abu-Dhabi,3,S. Perez,38.585
2019,Abu-Dhabi,3,L. Stroll,38.7
2019,Abu-Dhabi,3,K. Magnussen,38.809
2019,Abu-Dhabi,3,R. Grosjean,38.96
2019,Abu-Dhabi,3,A. Giovinazzi,39.095
2019,Abu-Dhabi,3,K. Raikkonen,39.36
2019,Abu-Dhabi,3,G. Russell,39.485
2019,Abu-Dhabi,3,R. Kubica,39.628
